Name,Code,1960,1961,1962,1963,1964,1965,1966,1967,1968,1969,1970,1971,1972,1973,1974,1975,1976,1977,1978,1979,1980,1981,1982,1983,1984,1985,1986,1987,1988,1989,1990,1991,1992,1993,1994,1995,1996,1997,1998,1999,2000,2001,2002,2003,2004,2005,2006,2007,2008,2009,2010,2011,2012,2013,2014
Life,ABW,65.57,65.99,66.37,66.71,67.04,67.37,67.70,68.03,68.38,68.73,69.09,69.45,69.80,70.14,70.47,70.78,71.08,71.38,71.67,71.95,72.22,72.46,72.67,72.85,72.99,73.10,73.18,73.24,73.30,73.34,73.39,73.43,73.47,73.51,73.54,73.56,73.59,73.61,73.64,73.68,73.72,73.78,73.87,73.97,74.09,74.23,74.38,74.53,74.68,74.82,74.95,75.08,75.21,75.33,75.45
Life,ADO,,,,,,,,,,,,,,,,,,,,,,,,,,,,,,,,,,,,,,,,,,,,,,,,,,,,,,,
Life,AFG,32.33,32.78,33.22,33.66,34.09,34.53,34.96,35.39,35.82,36.26,36.70,37.15,37.61,38.08,38.56,39.06,39.58,40.11,40.67,41.25,41.87,42.53,43.23,43.98,44.76,45.58,46.43,47.30,48.17,49.03,49.86,50.64,51.36,52.02,52.61,53.14,53.60,54.02,54.40,54.77,55.13,55.49,55.86,56.24,56.63,57.03,57.43,57.83,58.23,58.60,58.97,59.33,59.68,60.03,60.37
Life,AGO,32.98,33.39,33.79,34.19,34.59,34.99,35.40,35.80,36.21,36.61,37.02,37.42,37.83,38.23,38.61,38.98,39.30,39.58,39.82,40.01,40.16,40.29,40.41,40.53,40.65,40.78,40.89,40.97,41.04,41.09,41.14,41.21,41.31,41.48,41.72,42.05,42.50,43.06,43.71,44.44,45.20,45.97,46.71,47.39,48.00,48.54,49.01,49.44,49.85,50.25,50.65,51.06,51.46,51.87,52.27
Life,ALB,62.25,63.27,64.16,64.89,65.44,65.83,66.09,66.29,66.47,66.68,66.93,67.24,67.59,67.96,68.35,68.74,69.12,69.46,69.75,70.01,70.24,70.45,70.69,70.94,71.21,71.47,71.70,71.86,71.95,71.98,71.96,71.92,71.90,71.94,72.04,72.24,72.53,72.90,73.33,73.79,74.27,74.73,75.15,75.52,75.83,76.08,76.29,76.47,76.65,76.84,77.04,77.24,77.44,77.64,77.83
Life,ARE,52.24,53.29,54.33,55.36,56.39,57.41,58.39,59.34,60.24,61.10,61.90,62.65,63.37,64.04,64.69,65.31,65.89,66.45,66.99,67.50,67.98,68.45,68.88,69.30,69.70,70.08,70.44,70.78,71.10,71.42,71.72,72.01,72.30,72.57,72.85,73.12,73.38,73.65,73.92,74.19,74.45,74.71,74.97,75.22,75.46,75.69,75.90,76.11,76.31,76.49,76.68,76.85,77.02,77.20,77.37
Life,ARG,65.22,65.34,65.43,65.51,65.58,65.67,65.78,65.93,66.11,66.34,66.59,66.87,67.17,67.47,67.76,68.05,68.34,68.63,68.93,69.22,69.51,69.79,70.04,70.26,70.45,70.63,70.80,70.97,71.15,71.34,71.54,71.76,71.99,72.22,72.44,72.67,72.89,73.11,73.33,73.54,73.76,73.96,74.16,74.34,74.52,74.69,74.85,75.01,75.17,75.32,75.48,75.65,75.82,75.99,76.16
Life,ARM,65.86,66.28,66.71,67.14,67.57,67.99,68.41,68.83,69.23,69.60,69.92,70.18,70.37,70.48,70.53,70.53,70.53,70.54,70.58,70.64,70.68,70.66,70.54,70.29,69.94,69.50,69.02,68.57,68.18,67.90,67.75,67.74,67.85,68.07,68.38,68.76,69.22,69.72,70.24,70.77,71.28,71.76,72.20,72.61,72.97,73.29,73.55,73.76,73.95,74.10,74.23,74.34,74.45,74.56,74.68
Life,ASM,,,,,,,,,,,,,,,,,,,,,,,,,,,,,,,,,,,,,,,,,,,,,,,,,,,,,,,
Life,ATG,61.78,62.20,62.60,62.99,63.38,63.76,64.13,64.49,64.84,65.19,65.53,65.86,66.19,66.51,66.82,67.13,67.43,67.73,68.02,68.31,68.59,68.87,69.14,69.41,69.67,69.93,70.18,70.43,70.68,70.92,71.16,71.40,71.63,71.87,72.09,72.32,72.54,72.76,72.97,73.19,73.40,73.61,73.82,74.02,74.23,74.43,74.62,74.80,74.98,75.15,75.31,75.47,75.62,75.78,75.94
Life,AUS,70.82,70.97,70.94,70.91,70.88,70.85,70.82,70.87,70.92,70.97,71.02,71.07,71.46,71.85,72.24,72.63,73.01,73.34,73.67,74.00,74.33,74.66,74.90,75.15,75.39,75.63,75.87,76.15,76.43,76.71,76.99,77.28,77.38,77.88,77.88,77.83,78.08,78.48,78.63,78.93,79.23,79.63,79.94,80.24,80.49,80.84,81.04,81.29,81.40,81.54,81.70,81.90,82.05,82.15,82.25
Life,AUT,68.59,69.58,69.31,69.44,69.92,69.72,70.05,69.92,70.06,69.83,69.91,70.11,70.46,71.01,71.01,71.11,71.57,71.91,72.01,72.31,72.46,72.81,72.96,73.01,73.61,73.81,74.32,74.77,75.22,75.27,75.57,75.62,75.82,76.07,76.42,76.67,76.87,77.32,77.67,77.88,78.13,78.58,78.68,78.63,79.18,79.33,79.88,80.18,80.43,80.33,80.58,80.98,80.94,81.14,81.34
Life,AZE,60.84,61.24,61.64,62.05,62.46,62.86,63.27,63.67,64.06,64.42,64.73,64.98,65.15,65.23,65.24,65.19,65.08,64.95,64.83,64.73,64.68,64.72,64.83,65.01,65.23,65.43,65.54,65.53,65.37,65.09,64.75,64.42,64.21,64.15,64.28,64.58,64.99,65.46,65.92,66.36,66.76,67.15,67.56,68.00,68.47,68.94,69.38,69.76,70.06,70.29,70.45,70.55,70.62,70.69,70.76
Life,BDI,41.24,41.55,41.86,42.18,42.49,42.79,43.06,43.28,43.47,43.63,43.78,43.96,44.18,44.47,44.82,45.22,45.65,46.09,46.51,46.90,47.26,47.60,47.94,48.26,48.56,48.79,48.88,48.82,48.63,48.32,48.00,47.77,47.70,47.86,48.24,48.80,49.46,50.12,50.69,51.15,51.49,51.72,51.93,52.15,52.40,52.70,53.05,53.46,53.89,54.35,54.83,55.31,55.79,56.25,56.69
Life,BEL,69.70,70.52,70.22,70.05,70.76,70.63,70.71,71.01,70.69,70.76,70.97,71.06,71.41,71.64,71.99,71.97,72.12,72.77,72.70,73.19,73.21,73.62,73.89,73.87,74.40,74.52,74.73,75.37,75.57,75.63,76.05,76.19,76.35,76.35,76.69,76.84,77.19,77.37,77.47,77.62,77.72,77.97,78.08,78.13,78.88,78.98,79.38,79.78,79.68,79.98,80.18,80.59,80.39,80.59,80.59
Life,BEN,37.28,37.73,38.19,38.66,39.14,39.63,40.15,40.68,41.23,41.79,42.35,42.92,43.48,44.03,44.57,45.09,45.57,46.01,46.43,46.83,47.23,47.67,48.15,48.69,49.28,49.93,50.64,51.37,52.10,52.79,53.42,53.94,54.33,54.59,54.75,54.82,54.83,54.84,54.89,55.00,55.19,55.47,55.81,56.21,56.63,57.07,57.48,57.87,58.20,58.49,58.73,58.93,59.12,59.31,59.51
Life,BFA,34.48,34.94,35.41,35.88,36.36,36.84,37.31,37.77,38.22,38.66,39.10,39.54,40.00,40.48,41.01,41.61,42.31,43.13,44.04,45.01,46.00,46.93,47.75,48.42,48.92,49.25,49.42,49.47,49.46,49.42,49.37,49.32,49.28,49.26,49.28,49.34,49.44,49.59,49.78,50.02,50.35,50.78,51.34,52.01,52.77,53.58,54.40,55.19,55.90,56.52,57.05,57.49,57.88,58.24,58.59
Life,BGD,45.83,46.46,47.08,47.69,48.26,48.69,48.90,48.84,48.54,48.05,47.53,47.14,47.03,47.30,47.93,48.87,49.99,51.11,52.09,52.89,53.49,53.93,54.30,54.69,55.11,55.59,56.12,56.67,57.23,57.82,58.42,59.05,59.72,60.42,61.15,61.89,62.63,63.36,64.06,64.72,65.35,65.93,66.48,67.00,67.50,67.97,68.43,68.86,69.28,69.68,70.08,70.47,70.86,71.25,71.63
Life,BGR,69.25,70.20,69.49,70.31,71.12,71.29,71.22,70.41,71.23,70.43,71.26,70.87,70.90,71.34,71.21,71.05,71.39,70.82,71.18,71.31,71.16,71.57,71.19,71.39,71.50,71.23,71.73,71.53,71.60,71.72,71.64,71.56,71.49,71.35,71.21,71.05,70.90,70.35,71.06,71.41,71.66,71.77,71.87,72.07,72.56,72.56,72.61,72.66,72.96,73.41,73.51,74.16,74.31,74.86,75.41
Life,BHR,52.09,53.46,54.82,56.15,57.43,58.64,59.78,60.86,61.87,62.82,63.70,64.52,65.28,65.99,66.65,67.26,67.84,68.38,68.88,69.35,69.78,70.18,70.54,70.86,71.16,71.43,71.67,71.90,72.11,72.31,72.51,72.71,72.91,73.12,73.34,73.56,73.78,73.99,74.20,74.41,74.60,74.78,74.95,75.12,75.27,75.42,75.57,75.71,75.85,75.99,76.13,76.27,76.41,76.55,76.68
Life,BHS,62.73,63.07,63.41,63.74,64.06,64.37,64.68,64.99,65.29,65.58,65.86,66.15,66.42,66.69,66.96,67.22,67.48,67.73,67.97,68.22,68.46,68.70,68.93,69.16,69.39,69.61,69.83,70.04,70.25,70.45,70.63,70.79,70.93,71.05,71.15,71.26,71.39,71.55,71.75,71.98,72.25,72.55,72.84,73.13,73.39,73.64,73.86,74.06,74.25,74.42,74.59,74.75,74.91,75.07,75.23
Life,BIH,60.28,60.94,61.57,62.16,62.73,63.29,63.84,64.40,64.95,65.50,66.06,66.62,67.18,67.71,68.23,68.70,69.12,69.47,69.77,70.01,70.21,70.42,70.64,70.88,71.13,71.35,71.47,71.46,71.32,71.07,70.78,70.57,70.52,70.67,71.03,71.57,72.21,72.86,73.44,73.91,74.26,74.50,74.68,74.82,74.96,75.09,75.23,75.37,75.51,75.66,75.81,75.96,76.12,76.28,76.43
Life,BLR,67.71,68.21,68.64,68.99,69.29,69.54,69.73,69.88,69.98,70.05,70.08,70.09,70.09,70.08,70.07,70.05,70.02,69.97,69.91,69.84,69.80,69.82,69.91,70.06,70.27,70.99,71.55,70.99,71.34,71.59,70.84,70.38,70.02,68.97,68.77,68.46,68.61,68.46,68.41,67.91,68.91,68.51,68.06,68.55,68.96,68.85,69.40,70.20,70.46,70.41,70.40,70.55,71.97,72.47,72.98
Life,BLZ,59.96,60.51,61.07,61.65,62.22,62.81,63.39,63.95,64.51,65.04,65.55,66.03,66.48,66.91,67.32,67.72,68.10,68.48,68.85,69.21,69.57,69.92,70.26,70.59,70.88,71.13,71.32,71.43,71.47,71.42,71.28,71.05,70.75,70.38,69.99,69.59,69.22,68.90,68.65,68.49,68.42,68.44,68.54,68.70,68.88,69.09,69.28,69.45,69.59,69.70,69.78,69.84,69.91,69.98,70.08
Life,BMU,,,,,,68.90,,,,,70.29,,,,,,,,,,72.30,,,,,,,,,,,74.03,,,,,,,,,77.89,77.89,78.09,78.33,78.49,78.69,78.89,78.93,79.24,79.39,79.29,81.15,81.68,80.57,80.80
Life,BOL,42.12,42.43,42.76,43.09,43.43,43.78,44.14,44.50,44.88,45.26,45.66,46.06,46.46,46.88,47.30,47.73,48.17,48.62,49.07,49.53,50.00,50.48,50.97,51.46,51.96,52.47,52.99,53.51,54.04,54.57,55.11,55.65,56.20,56.75,57.31,57.86,58.42,58.99,59.55,60.12,60.69,61.26,61.83,62.40,62.97,63.54,64.11,64.69,65.27,65.85,66.41,66.94,67.45,67.91,68.34
Life,BRA,54.21,54.72,55.24,55.75,56.26,56.77,57.27,57.76,58.24,58.71,59.15,59.56,59.92,60.25,60.54,60.80,61.04,61.27,61.51,61.75,62.02,62.30,62.60,62.91,63.23,63.56,63.90,64.25,64.60,64.96,65.34,65.74,66.17,66.63,67.11,67.60,68.11,68.62,69.11,69.59,70.04,70.46,70.85,71.20,71.53,71.84,72.13,72.41,72.70,72.98,73.26,73.55,73.84,74.12,74.40
Life,BRB,60.74,61.22,61.70,62.18,62.67,63.16,63.64,64.10,64.54,64.95,65.33,65.70,66.04,66.38,66.71,67.04,67.36,67.68,67.98,68.28,68.58,68.86,69.14,69.42,69.68,69.94,70.20,70.45,70.70,70.94,71.17,71.40,71.63,71.85,72.07,72.28,72.49,72.68,72.87,73.05,73.22,73.38,73.55,73.71,73.87,74.03,74.19,74.36,74.52,74.68,74.85,75.01,75.17,75.33,75.50
Life,BRN,62.50,63.05,63.58,64.08,64.55,64.99,65.41,65.81,66.21,66.59,66.97,67.34,67.70,68.05,68.40,68.74,69.07,69.40,69.71,70.02,70.33,70.63,70.92,71.21,71.49,71.76,72.03,72.29,72.55,72.80,73.05,73.30,73.53,73.77,74.00,74.22,74.44,74.66,74.88,75.09,75.29,75.48,75.67,75.85,76.02,76.21,76.43,76.68,76.96,77.27,77.60,77.93,78.25,78.55,78.81
Life,BTN,32.36,32.73,33.09,33.45,33.82,34.20,34.63,35.11,35.65,36.26,36.94,37.68,38.47,39.29,40.12,40.95,41.78,42.60,43.41,44.19,44.96,45.71,46.45,47.18,47.91,48.64,49.38,50.13,50.90,51.68,52.46,53.25,54.04,54.83,55.61,56.40,57.21,58.04,58.89,59.76,60.65,61.55,62.44,63.30,64.14,64.92,65.64,66.29,66.89,67.42,67.89,68.32,68.72,69.10,69.47
Life,BWA,50.55,50.91,51.26,51.59,51.93,52.27,52.64,53.03,53.46,53.93,54.44,55.01,55.61,56.24,56.89,57.55,58.20,58.84,59.45,60.02,60.54,61.03,61.48,61.88,62.23,62.51,62.74,62.89,62.95,62.86,62.56,61.92,60.94,59.62,58.03,56.24,54.34,52.47,50.81,49.49,48.69,48.61,49.24,50.52,52.36,54.55,56.87,59.07,60.96,62.42,63.40,63.95,64.22,64.36,64.43
Life,CAF,36.48,36.90,37.32,37.76,38.23,38.73,39.27,39.87,40.51,41.20,41.94,42.71,43.51,44.31,45.11,45.88,46.61,47.28,47.89,48.42,48.87,49.23,49.51,49.71,49.83,49.87,49.83,49.72,49.55,49.31,49.02,48.66,48.26,47.81,47.34,46.85,46.35,45.85,45.37,44.94,44.60,44.36,44.25,44.28,44.44,44.74,45.16,45.69,46.28,46.93,47.63,48.35,49.11,49.88,50.66
Life,CAN,71.13,71.35,71.37,71.38,71.78,71.87,72.00,72.21,72.35,72.50,72.70,73.03,72.93,73.16,73.24,73.52,73.86,74.22,74.53,74.87,75.08,75.48,75.68,76.04,76.32,76.30,76.44,76.74,76.81,77.07,77.38,77.55,77.32,77.69,77.86,77.98,78.23,78.48,78.66,78.88,79.24,79.49,79.59,79.84,80.14,80.29,80.42,80.63,80.83,81.11,81.41,81.35,81.56,81.77,81.96
Life,CHE,71.31,71.64,71.20,71.19,72.08,72.20,72.34,72.64,72.59,72.61,73.02,73.13,73.64,73.94,74.29,74.67,74.79,75.24,75.19,75.47,75.46,75.69,76.03,76.03,76.61,76.73,76.90,77.20,77.23,77.42,77.24,77.51,77.81,78.09,78.35,78.42,78.90,79.08,79.32,79.58,79.68,80.18,80.39,80.54,81.09,81.24,81.49,81.74,81.99,82.04,82.25,82.70,82.70,82.80,82.85
Life,CHI,70.64,70.73,70.83,70.93,71.05,71.17,71.30,71.42,71.54,71.64,71.74,71.84,71.94,72.05,72.18,72.32,72.49,72.69,72.89,73.12,73.34,73.57,73.80,74.01,74.21,74.40,74.59,74.78,74.99,75.20,75.42,75.64,75.85,76.05,76.25,76.44,76.63,76.83,77.04,77.27,77.51,77.78,78.06,78.34,78.63,78.90,79.17,79.41,79.63,79.83,80.01,80.17,80.32,80.46,80.61
Life,CHL,57.46,57.99,58.52,59.05,59.58,60.11,60.64,61.18,61.71,62.24,62.77,63.30,63.82,64.35,64.87,65.39,65.91,66.42,66.93,67.43,67.93,68.43,68.92,69.41,69.89,70.37,70.84,71.31,71.77,72.23,72.68,73.12,73.56,73.99,74.41,74.83,75.24,75.65,76.04,76.44,76.82,77.20,77.57,77.93,78.29,78.64,78.98,79.31,79.64,79.96,80.28,80.59,80.89,81.20,81.50
Life,CHN,43.35,43.67,44.40,45.58,47.19,49.14,51.28,53.43,55.43,57.19,58.68,59.91,60.96,61.91,62.77,63.56,64.28,64.94,65.52,66.05,66.52,66.94,67.31,67.63,67.91,68.16,68.37,68.56,68.73,68.88,69.03,69.18,69.34,69.51,69.70,69.93,70.20,70.52,70.89,71.30,71.73,72.18,72.61,73.03,73.42,73.77,74.07,74.34,74.58,74.80,75.01,75.20,75.39,75.59,75.78
Life,CIV,36.87,37.56,38.23,38.88,39.51,40.12,40.76,41.44,42.16,42.93,43.74,44.58,45.42,46.23,47.01,47.74,48.42,49.06,49.66,50.20,50.71,51.17,51.60,51.99,52.32,52.59,52.79,52.90,52.92,52.83,52.61,52.23,51.71,51.07,50.34,49.56,48.79,48.08,47.46,46.99,46.70,46.61,46.70,46.93,47.30,47.75,48.26,48.78,49.28,49.74,50.15,50.52,50.86,51.21,51.56
Life,CMR,41.52,41.97,42.41,42.84,43.28,43.72,44.16,44.61,45.08,45.57,46.08,46.60,47.13,47.67,48.21,48.75,49.27,49.79,50.29,50.76,51.21,51.61,51.98,52.31,52.60,52.84,53.06,53.24,53.39,53.51,53.59,53.62,53.60,53.52,53.40,53.22,52.99,52.73,52.45,52.17,51.94,51.76,51.66,51.64,51.72,51.89,52.15,52.48,52.86,53.26,53.69,54.14,54.59,55.04,55.49
Life,COG,48.58,49.23,49.84,50.42,50.95,51.44,51.89,52.30,52.68,53.03,53.36,53.67,53.97,54.26,54.53,54.80,55.08,55.35,55.61,55.86,56.09,56.28,56.43,56.52,56.54,56.49,56.35,56.13,55.83,55.46,55.03,54.52,53.96,53.36,52.76,52.19,51.66,51.20,50.85,50.63,50.59,50.77,51.18,51.79,52.60,53.56,54.65,55.80,56.97,58.09,59.14,60.09,60.92,61.67,62.31
Life,COL,56.72,57.25,57.74,58.20,58.64,59.06,59.46,59.84,60.20,60.54,60.87,61.21,61.56,61.93,62.32,62.75,63.23,63.76,64.32,64.90,65.48,66.02,66.52,66.95,67.30,67.57,67.78,67.93,68.05,68.17,68.30,68.45,68.64,68.87,69.13,69.43,69.75,70.08,70.39,70.70,70.99,71.26,71.52,71.78,72.02,72.26,72.49,72.71,72.91,73.10,73.28,73.45,73.63,73.81,73.99
Life,COM,41.44,41.84,42.24,42.64,43.03,43.43,43.85,44.27,44.71,45.17,45.63,46.09,46.55,46.99,47.43,47.88,48.34,48.85,49.39,49.97,50.60,51.24,51.90,52.56,53.20,53.82,54.42,55.01,55.58,56.13,56.65,57.15,57.60,58.01,58.38,58.70,58.95,59.14,59.27,59.37,59.44,59.51,59.60,59.72,59.89,60.11,60.39,60.71,61.07,61.44,61.83,62.21,62.58,62.93,63.26
Life,CPV,48.86,49.05,49.32,49.68,50.14,50.68,51.28,51.91,52.55,53.18,53.79,54.41,55.03,55.68,56.34,57.02,57.72,58.44,59.17,59.88,60.58,61.26,61.89,62.48,63.03,63.53,63.98,64.40,64.80,65.19,65.57,65.96,66.37,66.79,67.23,67.68,68.12,68.56,68.97,69.35,69.72,70.09,70.45,70.81,71.18,71.52,71.84,72.10,72.31,72.47,72.60,72.71,72.83,72.97,73.15
Life,CRI,60.58,61.29,61.98,62.65,63.28,63.87,64.42,64.95,65.46,65.96,66.46,66.97,67.49,68.02,68.56,69.12,69.70,70.31,70.92,71.53,72.13,72.70,73.22,73.70,74.11,74.47,74.78,75.04,75.26,75.47,75.66,75.84,76.02,76.20,76.38,76.56,76.74,76.92,77.10,77.26,77.42,77.57,77.71,77.84,77.97,78.09,78.21,78.33,78.46,78.59,78.74,78.89,79.05,79.23,79.40
Life,CUB,63.90,64.52,65.14,65.77,66.40,67.03,67.65,68.25,68.82,69.37,69.88,70.38,70.86,71.32,71.77,72.20,72.60,72.97,73.30,73.58,73.83,74.04,74.20,74.34,74.45,74.53,74.58,74.61,74.62,74.62,74.64,74.70,74.80,74.96,75.16,75.41,75.68,75.94,76.19,76.43,76.64,76.87,77.10,77.36,77.64,77.93,78.21,78.45,78.65,78.81,78.94,79.04,79.14,79.26,79.39
Life,CUW,,,,,,,,,,,,,,,,,,,,,,,,,,,,,,,,,,,,,,,,,,,,,,,74.71,75.36,75.31,76.16,,77.47,,,77.82
Life,CYM,,,,,,,,,,,,,,,,,,,,,,,,,,,,,,,,,,,,,,,,,,,,,,,,,,,,,,,
Life,CYP,69.59,69.93,70.25,70.56,70.87,71.17,71.45,71.73,72.00,72.27,72.52,72.77,73.02,73.25,73.49,73.71,73.93,74.14,74.35,74.56,74.76,74.95,75.14,75.33,75.51,75.68,75.86,76.03,76.19,76.35,76.51,76.67,76.83,76.98,77.13,77.27,77.42,77.56,77.70,77.84,77.97,78.10,78.22,78.35,78.47,78.59,78.72,78.87,79.03,79.20,79.38,79.57,79.76,79.95,80.13
Life,CZE,70.35,70.51,69.79,70.30,70.46,70.16,70.38,70.26,69.84,69.37,69.44,69.68,70.18,70.02,70.09,70.41,70.53,70.57,70.64,70.75,70.28,70.72,70.81,70.59,70.84,71.05,71.00,71.45,71.64,71.68,71.38,71.90,72.27,72.77,72.97,73.07,73.71,73.82,74.51,74.67,74.97,75.17,75.22,75.17,75.72,75.92,76.52,76.72,76.98,77.08,77.42,77.87,78.08,78.18,78.28
Life,DEU,69.31,69.51,69.69,69.86,70.01,70.15,70.27,70.37,70.47,70.55,70.64,70.74,70.87,71.02,71.20,71.40,71.63,71.88,72.14,72.41,72.68,72.95,73.23,73.51,73.79,74.06,74.32,74.56,74.78,74.98,75.18,75.32,75.82,75.87,76.27,76.42,76.67,77.07,77.48,77.73,77.93,78.33,78.23,78.38,78.68,78.93,79.13,79.53,79.74,79.84,79.99,80.74,80.89,80.84,80.84
Life,DJI,44.02,44.45,44.87,45.29,45.71,46.15,46.63,47.18,47.79,48.45,49.14,49.80,50.42,50.95,51.41,51.80,52.15,52.49,52.84,53.22,53.62,54.03,54.43,54.81,55.16,55.47,55.76,56.02,56.26,56.47,56.66,56.82,56.93,57.00,57.04,57.05,57.04,57.01,56.99,56.98,57.01,57.09,57.22,57.41,57.66,57.98,58.38,58.83,59.32,59.84,60.36,60.85,61.30,61.69,62.02
Life,DMA,,,,,,,,,,,,,,,,,,,,,,,71.46,,,,,71.96,,,,,73.95,,,,,75.95,,,,,76.60,,,,,,,,,,,,
Life,DNK,72.18,72.44,72.32,72.40,72.49,72.37,72.44,72.92,73.12,73.22,73.34,73.41,73.44,73.68,73.81,74.08,73.74,74.63,74.39,74.22,74.10,74.23,74.55,74.42,74.56,74.43,74.58,74.69,74.77,74.80,74.81,75.16,75.19,75.12,75.38,75.21,75.59,75.95,76.14,76.34,76.59,76.79,76.90,77.14,77.49,77.84,78.10,78.20,78.45,78.60,79.10,79.80,80.05,80.30,80.55
Life,DOM,51.85,52.58,53.30,54.01,54.70,55.38,56.04,56.70,57.33,57.95,58.54,59.10,59.64,60.14,60.62,61.06,61.48,61.88,62.27,62.65,63.04,63.44,63.86,64.31,64.78,65.27,65.80,66.34,66.89,67.43,67.95,68.42,68.84,69.19,69.48,69.72,69.92,70.09,70.26,70.44,70.63,70.84,71.05,71.27,71.48,71.70,71.92,72.13,72.34,72.55,72.75,72.95,73.14,73.32,73.50
Life,DZA,46.14,46.59,47.05,47.50,47.94,48.38,48.79,49.19,49.57,49.96,50.34,50.74,51.17,51.65,52.19,52.84,53.63,54.58,55.67,56.87,58.16,59.49,60.79,62.01,63.12,64.07,64.86,65.49,65.99,66.38,66.69,66.96,67.21,67.48,67.78,68.12,68.51,68.92,69.34,69.76,70.18,70.60,71.01,71.42,71.82,72.20,72.56,72.90,73.22,73.52,73.80,74.07,74.32,74.57,74.81
Life,ECU,53.22,53.82,54.39,54.91,55.39,55.82,56.22,56.60,56.98,57.36,57.77,58.20,58.67,59.16,59.67,60.21,60.77,61.35,61.93,62.51,63.09,63.68,64.29,64.90,65.51,66.13,66.74,67.33,67.91,68.47,69.00,69.49,69.96,70.41,70.83,71.23,71.60,71.96,72.31,72.64,72.94,73.23,73.49,73.73,73.94,74.14,74.32,74.50,74.67,74.84,75.03,75.23,75.43,75.65,75.87
Life,EGY,48.01,48.58,49.11,49.60,50.08,50.52,50.92,51.27,51.57,51.84,52.12,52.46,52.87,53.38,54.00,54.69,55.44,56.20,56.94,57.64,58.32,58.98,59.66,60.36,61.08,61.79,62.47,63.09,63.64,64.12,64.55,64.96,65.37,65.81,66.28,66.76,67.23,67.66,68.04,68.35,68.59,68.79,68.95,69.11,69.27,69.43,69.60,69.78,69.96,70.15,70.34,70.53,70.73,70.93,71.12
Life,ERI,37.36,37.60,37.85,38.12,38.41,38.73,39.06,39.41,39.78,40.15,40.52,40.89,41.25,41.59,41.92,42.21,42.48,42.71,42.92,43.12,43.32,43.55,43.82,44.15,44.55,45.01,45.55,46.15,46.80,47.50,48.24,49.02,49.84,50.69,51.55,52.40,53.23,54.01,54.74,55.41,56.03,56.58,57.10,57.60,58.09,58.59,59.12,59.67,60.25,60.85,61.47,62.07,62.64,63.18,63.66
Life,ESP,69.11,69.48,69.52,69.68,70.40,70.81,71.06,71.25,71.54,71.06,72.03,71.63,72.82,72.61,72.97,73.32,73.64,74.13,74.30,74.82,75.35,75.53,76.13,75.91,76.30,76.26,76.51,76.73,76.75,76.81,76.84,76.97,77.41,77.55,77.90,77.98,78.12,78.60,78.67,78.72,78.97,79.37,79.57,79.62,79.87,80.17,80.82,80.87,81.18,81.48,81.63,82.48,82.43,83.08,83.08
Life,EST,67.91,68.36,68.74,69.05,69.31,69.52,69.68,69.80,69.88,69.93,69.94,69.91,69.83,69.73,69.59,69.44,69.29,69.15,69.03,68.95,68.91,68.98,69.13,69.38,69.28,69.38,70.09,70.64,70.70,70.04,69.48,69.37,68.86,67.91,66.50,67.54,69.61,69.81,69.36,70.06,70.42,70.26,70.90,71.32,71.91,72.57,72.69,72.81,73.77,74.82,75.43,76.23,76.33,77.14,77.24
Life,ETH,38.41,39.07,39.70,40.28,40.80,41.26,41.66,42.01,42.34,42.65,42.93,43.20,43.45,43.68,43.88,44.03,44.10,44.09,44.01,43.87,43.74,43.67,43.71,43.88,44.20,44.63,45.14,45.68,46.19,46.67,47.10,47.51,47.91,48.35,48.81,49.31,49.81,50.32,50.83,51.36,51.93,52.59,53.35,54.22,55.19,56.24,57.32,58.41,59.45,60.42,61.30,62.08,62.79,63.44,64.04
Life,FIN,68.82,68.84,68.58,69.01,69.22,68.98,69.48,69.67,69.62,69.50,70.18,70.02,70.71,71.22,71.13,71.67,71.81,72.35,72.90,73.16,73.44,73.75,74.30,74.20,74.52,74.22,74.56,74.59,74.58,74.79,74.81,75.23,75.46,75.71,76.40,76.41,76.69,76.88,77.09,77.29,77.47,77.97,78.12,78.37,78.71,78.82,79.21,79.26,79.57,79.72,79.87,80.47,80.63,80.98,81.13
Life,FJI,55.96,56.39,56.82,57.23,57.64,58.04,58.43,58.81,59.18,59.55,59.91,60.25,60.59,60.91,61.23,61.53,61.83,62.13,62.42,62.72,63.01,63.30,63.58,63.85,64.12,64.38,64.63,64.87,65.11,65.34,65.57,65.79,66.01,66.22,66.43,66.64,66.84,67.04,67.23,67.42,67.61,67.79,67.97,68.14,68.32,68.49,68.67,68.84,69.02,69.20,69.38,69.57,69.74,69.92,70.09
Life,FRA,69.87,70.12,70.31,70.51,70.66,70.81,70.96,71.16,71.31,71.46,71.66,71.91,72.11,72.36,72.60,72.85,73.10,73.35,73.60,73.85,74.05,74.30,74.50,74.80,75.00,75.30,75.60,75.80,76.10,76.35,76.60,76.85,77.10,77.30,77.65,77.75,77.95,78.30,78.60,78.76,79.06,79.16,79.26,79.11,80.16,80.16,80.81,81.11,81.21,81.41,81.66,82.11,81.97,82.22,82.37
Life,FRO,,,,,,,,,,,,,,74.50,,,,,75.99,,,,,,,,75.27,75.47,75.71,75.91,76.11,76.36,76.61,76.91,77.17,77.37,77.62,77.82,78.03,78.23,78.44,78.64,78.84,78.94,79.14,79.29,79.59,79.84,80.14,80.39,80.64,80.94,81.19,81.44,81.69
Life,FSM,57.59,57.99,58.38,58.78,59.18,59.58,59.98,60.39,60.80,61.21,61.63,62.07,62.52,62.98,63.43,63.85,64.24,64.57,64.83,65.04,65.18,65.29,65.37,65.45,65.54,65.64,65.75,65.86,65.97,66.08,66.20,66.31,66.42,66.54,66.65,66.76,66.87,66.97,67.07,67.17,67.28,67.38,67.50,67.64,67.78,67.92,68.07,68.22,68.36,68.49,68.61,68.73,68.85,68.97,69.10
Life,GAB,39.57,39.93,40.37,40.92,41.59,42.34,43.18,44.05,44.93,45.80,46.66,47.49,48.31,49.13,49.96,50.79,51.61,52.45,53.28,54.11,54.95,55.80,56.65,57.50,58.33,59.09,59.77,60.33,60.77,61.07,61.24,61.29,61.25,61.16,61.01,60.83,60.59,60.30,59.98,59.64,59.34,59.12,59.00,59.02,59.17,59.47,59.89,60.39,60.95,61.53,62.12,62.71,63.28,63.84,64.38
Life,GBR,71.13,70.88,70.93,70.83,71.62,71.62,71.57,72.12,71.72,71.72,71.97,72.27,72.12,72.32,72.52,72.72,72.78,73.22,73.18,73.28,73.68,74.03,74.18,74.38,74.78,74.63,74.93,75.28,75.38,75.58,75.88,76.08,76.43,76.39,76.89,76.84,77.09,77.21,77.19,77.39,77.74,77.99,78.14,78.45,78.75,79.05,79.25,79.45,79.60,80.05,80.40,80.95,80.90,81.00,81.06
Life,GEO,63.43,63.83,64.23,64.64,65.04,65.44,65.82,66.18,66.53,66.85,67.16,67.47,67.78,68.09,68.40,68.69,68.94,69.14,69.27,69.34,69.38,69.40,69.45,69.53,69.64,69.77,69.90,69.99,70.04,70.03,70.00,69.96,69.95,69.98,70.08,70.23,70.45,70.71,71.00,71.31,71.62,71.92,72.21,72.49,72.75,72.99,73.21,73.42,73.62,73.82,74.00,74.18,74.35,74.51,74.67
Life,GHA,45.83,46.27,46.68,47.08,47.45,47.81,48.14,48.46,48.76,49.05,49.33,49.62,49.91,50.21,50.51,50.81,51.12,51.41,51.70,51.98,52.27,52.58,52.91,53.27,53.67,54.11,54.60,55.14,55.69,56.25,56.75,57.16,57.44,57.58,57.59,57.50,57.34,57.16,57.02,56.95,56.99,57.15,57.42,57.79,58.22,58.70,59.18,59.64,60.03,60.36,60.61,60.81,60.98,61.14,61.31
Life,GIB,,,,,,,,,,,,,,,,,,,,,,,,,,,,,,,,,,,,,,,,,,,,,,,,,,,,,,,
Life,GIN,34.89,35.08,35.26,35.43,35.58,35.73,35.88,36.04,36.21,36.41,36.64,36.92,37.24,37.61,38.02,38.48,38.98,39.50,40.05,40.63,41.26,41.96,42.73,43.58,44.50,45.45,46.44,47.41,48.33,49.18,49.92,50.53,51.00,51.36,51.59,51.70,51.70,51.61,51.48,51.34,51.24,51.25,51.37,51.64,52.04,52.59,53.25,54.00,54.78,55.56,56.31,57.00,57.64,58.22,58.73
Life,GMB,32.04,32.33,32.66,33.06,33.54,34.09,34.73,35.44,36.21,37.02,37.87,38.74,39.61,40.49,41.36,42.21,43.05,43.89,44.72,45.54,46.35,47.15,47.92,48.67,49.38,50.03,50.61,51.12,51.55,51.91,52.21,52.47,52.71,52.95,53.20,53.49,53.83,54.21,54.63,55.09,55.58,56.07,56.57,57.04,57.49,57.89,58.25,58.57,58.85,59.11,59.34,59.56,59.78,60.00,60.23
Life,GNB,37.84,38.14,38.47,38.81,39.18,39.57,39.96,40.36,40.75,41.14,41.52,41.90,42.28,42.66,43.05,43.45,43.86,44.27,44.70,45.12,45.54,45.94,46.33,46.69,47.04,47.37,47.70,48.03,48.37,48.72,49.08,49.42,49.75,50.05,50.33,50.57,50.78,50.96,51.13,51.29,51.45,51.60,51.76,51.94,52.13,52.34,52.58,52.86,53.15,53.48,53.81,54.16,54.50,54.84,55.16
Life,GNQ,36.73,37.03,37.33,37.63,37.93,38.23,38.53,38.83,39.13,39.44,39.73,40.01,40.28,40.55,40.81,41.12,41.49,41.94,42.48,43.10,43.76,44.42,45.04,45.59,46.06,46.45,46.79,47.12,47.45,47.80,48.19,48.61,49.04,49.48,49.93,50.35,50.76,51.14,51.49,51.81,52.11,52.40,52.69,52.99,53.32,53.67,54.08,54.52,54.99,55.48,55.97,56.45,56.89,57.29,57.65
Life,GRC,68.16,68.55,68.89,69.19,69.43,69.64,69.84,70.05,70.30,70.59,70.90,71.23,71.54,71.81,72.06,72.29,72.52,72.76,73.03,73.33,73.65,73.97,74.28,74.56,74.83,75.08,75.33,75.60,75.90,76.69,76.94,77.14,77.38,77.39,77.64,77.59,77.69,78.14,77.84,77.99,77.89,78.39,78.64,78.84,79.04,79.24,79.44,79.44,79.94,80.19,80.39,80.73,80.63,81.29,81.29
Life,GRD,59.82,60.25,60.67,61.08,61.47,61.85,62.22,62.58,62.93,63.26,63.59,63.90,64.21,64.51,64.80,65.08,65.35,65.62,65.88,66.13,66.37,66.61,66.84,67.06,67.28,67.49,67.70,67.90,68.10,68.29,68.48,68.65,68.83,68.99,69.15,69.32,69.49,69.66,69.85,70.04,70.25,70.47,70.69,70.92,71.14,71.37,71.61,71.84,72.09,72.33,72.57,72.79,73.00,73.19,73.37
Life,GRL,,,,,,,,,,,,,,,,,,,63.41,63.95,63.45,63.07,63.19,63.30,63.47,63.83,64.25,64.65,64.58,64.67,65.07,65.03,65.20,65.59,65.90,65.64,65.77,65.80,66.16,66.40,66.96,67.61,68.16,68.44,68.81,69.22,69.52,69.98,70.21,70.47,70.86,71.06,71.31,,
Life,GTM,45.53,46.10,46.69,47.28,47.89,48.51,49.16,49.85,50.57,51.31,52.05,52.77,53.45,54.07,54.63,55.13,55.58,55.99,56.39,56.79,57.20,57.63,58.09,58.56,59.05,59.57,60.10,60.63,61.17,61.70,62.24,62.77,63.31,63.86,64.41,64.96,65.53,66.10,66.66,67.22,67.74,68.23,68.66,69.04,69.37,69.65,69.89,70.11,70.33,70.55,70.78,71.01,71.25,71.49,71.72
Life,GUM,61.23,61.73,62.22,62.71,63.19,63.66,64.12,64.57,65.01,65.45,65.87,66.28,66.67,67.05,67.42,67.78,68.12,68.45,68.78,69.09,69.39,69.69,69.98,70.26,70.54,70.81,71.07,71.32,71.56,71.80,72.04,72.29,72.54,72.80,73.08,73.38,73.70,74.03,74.38,74.74,75.10,75.45,75.80,76.13,76.45,76.75,77.03,77.31,77.58,77.84,78.10,78.36,78.62,78.87,79.13
Life,GUY,60.28,60.46,60.65,60.83,61.01,61.19,61.35,61.49,61.62,61.72,61.81,61.89,61.97,62.04,62.12,62.20,62.29,62.38,62.47,62.56,62.64,62.73,62.81,62.89,62.96,63.04,63.12,63.21,63.31,63.41,63.52,63.65,63.78,63.93,64.07,64.23,64.38,64.53,64.68,64.83,64.97,65.11,65.24,65.36,65.47,65.58,65.68,65.78,65.87,65.96,66.04,66.13,66.22,66.31,66.41
Life,HKG,67.00,67.58,68.13,68.64,69.12,69.56,69.96,70.35,70.72,71.09,71.45,71.46,71.46,72.11,72.61,73.37,72.82,73.32,73.58,73.67,74.67,75.32,75.43,75.28,76.03,76.43,76.69,76.88,77.08,77.03,77.38,77.88,77.68,78.03,78.53,78.68,79.63,80.13,80.13,80.38,80.88,81.42,81.48,81.33,81.78,81.58,82.38,82.33,82.38,82.78,82.98,83.42,83.48,83.83,83.98
Life,HND,46.29,46.96,47.63,48.29,48.93,49.55,50.15,50.74,51.32,51.91,52.52,53.13,53.77,54.43,55.12,55.82,56.55,57.30,58.06,58.83,59.61,60.41,61.21,62.02,62.83,63.61,64.35,65.03,65.65,66.19,66.69,67.14,67.58,68.01,68.44,68.86,69.26,69.63,69.96,70.25,70.49,70.71,70.91,71.10,71.29,71.48,71.67,71.86,72.04,72.22,72.39,72.57,72.76,72.94,73.14
Life,HRV,64.61,65.02,65.41,65.79,66.15,66.51,66.86,67.21,67.55,67.88,68.20,68.50,68.78,69.03,69.25,70.00,70.46,70.74,70.54,70.43,70.18,70.34,70.48,70.27,70.22,70.89,71.42,71.47,71.49,71.84,72.17,72.19,71.24,71.52,71.80,72.08,72.37,72.50,72.32,72.64,72.81,74.51,74.72,74.61,75.52,75.24,75.84,75.71,75.91,76.17,76.48,76.78,76.92,77.13,77.33
Life,HTI,42.10,42.68,43.26,43.84,44.40,44.94,45.46,45.94,46.39,46.81,47.20,47.58,47.95,48.32,48.70,49.09,49.46,49.83,50.17,50.50,50.83,51.16,51.50,51.86,52.25,52.65,53.05,53.45,53.84,54.21,54.57,54.91,55.26,55.60,55.94,56.28,56.59,56.89,57.17,57.43,57.68,57.93,58.20,58.50,58.82,59.18,59.57,59.98,60.40,60.82,61.24,61.65,62.03,62.40,62.75
Life,HUN,68.00,68.94,67.87,68.87,69.38,69.07,69.82,69.41,69.23,69.31,69.16,69.05,69.66,69.52,69.25,69.29,69.57,69.85,69.39,69.62,69.06,69.14,69.36,68.97,69.03,68.97,69.17,69.65,70.02,69.46,69.32,69.38,69.12,69.10,69.47,69.79,70.33,70.70,70.56,70.68,71.25,72.25,72.35,72.30,72.65,72.65,73.10,73.15,73.70,73.90,74.21,74.86,75.06,75.57,75.87
Life,IDN,48.64,49.27,49.89,50.49,51.08,51.66,52.24,52.82,53.39,53.96,54.53,55.09,55.65,56.19,56.72,57.24,57.74,58.23,58.70,59.16,59.61,60.04,60.44,60.82,61.19,61.54,61.88,62.22,62.56,62.91,63.26,63.62,63.97,64.33,64.67,65.00,65.31,65.58,65.83,66.05,66.25,66.43,66.61,66.79,66.97,67.17,67.37,67.57,67.76,67.96,68.15,68.33,68.52,68.70,68.89
Life,IMY,,,,,,,,,,,,,,,,,,,,,,,,,,,,,,,,,,,76.53,,,,,,,,77.97,,,,,,,,,,,,
Life,IND,41.17,41.79,42.42,43.05,43.70,44.35,45.02,45.69,46.37,47.05,47.73,48.41,49.09,49.76,50.42,51.07,51.69,52.28,52.85,53.38,53.87,54.33,54.74,55.13,55.50,55.86,56.23,56.62,57.03,57.47,57.94,58.44,58.95,59.45,59.95,60.44,60.92,61.37,61.81,62.23,62.63,63.02,63.40,63.77,64.15,64.52,64.91,65.30,65.70,66.10,66.51,66.90,67.29,67.66,68.01
Life,IRL,69.69,69.90,70.09,70.25,70.39,70.53,70.64,70.74,70.83,70.92,71.00,71.08,71.17,71.28,71.40,71.55,71.71,71.90,72.10,72.32,72.55,72.78,73.00,73.22,73.43,73.64,73.85,74.06,74.29,74.52,74.74,74.95,75.14,75.30,75.44,75.57,75.83,75.99,76.18,76.08,76.54,77.13,77.63,78.14,78.54,78.94,79.24,79.64,80.10,80.19,80.74,80.75,80.90,81.00,81.15
Life,IRN,44.95,45.51,46.07,46.62,47.17,47.73,48.30,48.89,49.51,50.16,50.86,51.66,52.54,53.48,54.41,55.21,55.73,55.90,55.71,55.24,54.64,54.13,53.90,54.09,54.75,55.87,57.36,59.05,60.76,62.40,63.88,65.15,66.20,67.08,67.77,68.31,68.72,69.08,69.42,69.77,70.14,70.52,70.90,71.25,71.59,71.93,72.29,72.67,73.09,73.53,73.98,74.41,74.80,75.13,75.39
Life,IRQ,48.03,49.23,50.42,51.59,52.74,53.84,54.89,55.85,56.72,57.49,58.19,58.83,59.44,60.02,60.56,61.00,61.25,61.28,61.10,60.76,60.38,60.10,60.05,60.29,60.84,61.66,62.66,63.70,64.68,65.53,66.24,66.81,67.30,67.75,68.15,68.50,68.78,69.00,69.13,69.19,69.18,69.09,68.94,68.76,68.56,68.38,68.26,68.20,68.22,68.32,68.49,68.71,68.95,69.18,69.40
Life,ISL,73.43,73.50,73.72,73.04,73.54,73.87,73.30,73.78,74.01,73.78,73.93,73.57,74.46,74.45,74.51,75.58,76.97,76.37,76.65,76.77,76.85,76.52,77.04,76.85,77.58,77.60,77.99,77.34,77.08,78.14,78.04,77.99,78.76,78.93,79.25,77.98,78.78,78.89,79.60,79.35,79.65,80.69,80.50,80.96,81.00,81.50,81.16,81.45,81.61,81.75,81.90,82.36,82.92,82.06,82.06
Life,ISR,,72.01,72.11,,,,72.29,71.51,71.06,70.97,71.21,71.72,71.08,71.69,71.66,72.05,72.96,72.96,73.21,73.51,73.88,74.26,74.11,74.46,74.81,75.21,74.96,75.26,74.44,76.31,76.61,76.76,76.50,77.15,77.40,77.45,78.10,78.00,78.15,78.66,78.95,79.41,79.45,79.65,80.15,80.15,80.55,80.50,80.95,81.40,81.60,81.66,81.70,82.06,82.15
Life,ITA,69.12,69.76,69.15,69.25,70.31,70.17,70.93,70.96,70.78,70.81,71.56,71.81,72.08,72.03,72.73,72.65,72.99,73.36,73.69,74.00,73.94,74.35,74.81,74.64,75.39,75.47,75.77,76.22,76.37,76.82,76.97,77.02,77.42,77.72,77.92,78.17,78.52,78.82,78.98,79.42,79.78,80.13,80.23,79.98,80.78,80.78,81.28,81.43,81.49,81.64,82.04,82.19,82.24,82.69,82.69
Life,JAM,64.31,64.88,65.40,65.87,66.31,66.70,67.06,67.38,67.68,67.97,68.25,68.54,68.84,69.15,69.48,69.82,70.17,70.52,70.85,71.17,71.45,71.68,71.87,72.00,72.09,72.13,72.14,72.12,72.08,72.05,72.02,71.99,71.96,71.94,71.94,71.94,71.97,72.02,72.09,72.18,72.31,72.48,72.68,72.90,73.16,73.43,73.72,74.01,74.30,74.58,74.85,75.09,75.30,75.49,75.65
Life,JOR,52.69,53.47,54.25,55.03,55.79,56.55,57.30,58.04,58.77,59.49,60.19,60.88,61.56,62.23,62.88,63.51,64.12,64.69,65.24,65.75,66.23,66.69,67.12,67.55,67.95,68.34,68.71,69.05,69.37,69.66,69.92,70.16,70.37,70.57,70.75,70.93,71.10,71.26,71.43,71.61,71.78,71.96,72.13,72.30,72.47,72.64,72.80,72.96,73.12,73.28,73.44,73.59,73.75,73.90,74.05
Life,JPN,67.67,68.31,68.59,69.66,70.13,70.20,70.99,71.28,71.61,71.84,71.95,72.88,73.51,73.76,74.39,75.06,75.46,75.90,76.04,76.34,76.09,76.41,76.92,76.96,77.37,77.65,78.06,78.48,78.40,78.82,78.84,79.10,79.15,79.29,79.69,79.54,80.20,80.42,80.50,80.57,81.08,81.42,81.56,81.76,82.03,81.93,82.32,82.51,82.59,82.93,82.84,82.59,83.10,83.33,83.59
Life,KAZ,58.37,58.78,59.20,59.62,60.04,60.45,60.85,61.24,61.61,61.96,62.28,62.56,62.82,63.06,63.28,63.49,63.71,63.94,64.19,64.47,66.62,66.71,66.79,67.66,68.54,68.54,68.91,69.29,68.85,68.29,68.34,67.98,67.73,66.73,65.67,64.92,64.11,64.46,64.56,65.52,65.52,65.77,65.97,65.87,65.89,65.91,66.16,66.50,67.02,68.43,68.30,68.98,69.61,70.45,71.62
Life,KEN,46.36,47.01,47.65,48.27,48.86,49.43,49.98,50.53,51.09,51.66,52.23,52.81,53.38,53.93,54.48,55.02,55.57,56.13,56.71,57.28,57.83,58.35,58.80,59.17,59.44,59.60,59.65,59.60,59.45,59.20,58.80,58.23,57.47,56.56,55.53,54.46,53.40,52.44,51.64,51.07,50.79,50.82,51.16,51.75,52.55,53.52,54.59,55.70,56.78,57.80,58.72,59.53,60.27,60.95,61.58
Life,KGZ,56.13,56.56,57.00,57.44,57.88,58.32,58.74,59.15,59.54,59.90,60.24,60.55,60.84,61.09,61.33,61.56,61.80,62.04,62.30,62.59,62.90,63.26,63.66,64.08,64.50,64.92,65.29,65.61,65.86,67.91,68.30,68.55,68.10,67.19,66.04,65.79,66.54,66.89,67.05,68.66,68.56,68.71,68.16,68.26,68.15,67.96,67.70,67.90,68.45,69.10,69.30,69.60,70.00,70.20,70.40
Life,KHM,41.23,41.36,41.52,41.70,41.89,42.08,42.29,42.48,42.54,42.36,41.57,39.73,36.76,32.81,28.26,23.88,20.66,19.27,20.06,23.03,27.74,33.45,39.17,44.12,47.92,50.44,51.79,52.47,52.90,53.21,53.51,53.84,54.15,54.44,54.75,55.12,55.59,56.14,56.79,57.53,58.35,59.25,60.19,61.14,62.07,62.97,63.80,64.55,65.23,65.84,66.39,66.87,67.33,67.77,68.21
Life,KIR,49.22,49.74,50.27,50.80,51.31,51.81,52.31,52.81,53.33,53.85,54.35,54.82,55.25,55.62,55.93,56.19,56.38,56.53,56.65,56.77,56.90,57.05,57.23,57.46,57.74,58.07,58.47,58.90,59.37,59.86,60.35,60.83,61.30,61.74,62.14,62.51,62.84,63.14,63.43,63.70,63.95,64.17,64.36,64.53,64.67,64.78,64.89,64.98,65.08,65.18,65.30,65.44,65.60,65.77,65.95
Life,KNA,,,,,,,,,,,,,,,,,,,,,,,63.95,,,,,65.95,,,,,67.95,,,,,70.04,,,,,71.34,,,,,,,,,,,,
Life,KOR,53.00,53.74,54.48,55.25,56.02,56.82,57.66,58.53,59.43,60.33,62.04,62.44,62.84,63.23,63.60,63.96,64.30,64.65,64.98,65.29,65.81,66.31,66.78,67.24,67.90,68.53,69.18,69.81,70.34,70.86,71.30,71.73,72.20,72.68,73.04,73.39,73.83,74.25,74.68,75.37,75.84,76.34,76.84,77.25,77.85,78.43,78.97,79.35,79.83,80.30,80.55,80.97,81.21,81.71,82.16
Life,KSV,,,,,,,,,,,,,,,,,,,,,,65.90,66.20,66.40,66.60,66.80,67.00,67.20,67.40,67.55,67.75,67.95,68.10,68.25,68.40,68.55,68.70,68.85,68.95,66.95,67.95,68.00,67.94,68.20,68.45,68.70,68.95,69.20,69.40,69.65,69.90,70.15,70.50,70.80,71.10
Life,KWT,60.40,61.14,61.85,62.51,63.14,63.73,64.28,64.80,65.29,65.76,66.20,66.62,67.01,67.38,67.74,68.09,68.42,68.76,69.09,69.42,69.74,70.07,70.38,70.69,70.98,71.25,71.50,71.73,71.93,72.12,72.28,72.43,72.56,72.68,72.79,72.89,72.99,73.08,73.16,73.24,73.31,73.39,73.45,73.52,73.58,73.65,73.73,73.81,73.90,74.01,74.12,74.23,74.35,74.47,74.59
Life,LAO,43.20,43.51,43.81,44.11,44.41,44.71,45.01,45.32,45.63,45.94,46.25,46.55,46.85,47.14,47.42,47.69,47.95,48.21,48.47,48.74,49.02,49.34,49.70,50.10,50.54,51.02,51.52,52.03,52.54,53.05,53.55,54.05,54.56,55.07,55.59,56.12,56.66,57.20,57.76,58.32,58.88,59.45,60.02,60.60,61.17,61.73,62.29,62.83,63.35,63.85,64.33,64.80,65.25,65.69,66.12
Life,LBN,63.28,63.59,63.88,64.16,64.44,64.72,64.99,65.26,65.54,65.81,66.08,66.34,66.58,66.81,67.01,67.20,67.37,67.52,67.67,67.81,67.96,68.11,68.28,68.47,68.67,68.90,69.14,69.39,69.65,69.93,70.22,70.54,70.88,71.25,71.64,72.07,72.52,72.98,73.46,73.94,74.43,74.92,75.41,75.90,76.38,76.83,77.25,77.62,77.94,78.22,78.47,78.69,78.91,79.13,79.37
Life,LBR,34.78,35.05,35.35,35.72,36.13,36.59,37.10,37.62,38.17,38.72,39.30,39.91,40.57,41.26,41.98,42.73,43.47,44.19,44.87,45.49,46.02,46.46,46.80,47.05,47.23,47.32,47.33,47.28,47.21,47.16,47.20,47.42,47.85,48.48,49.29,50.16,50.98,51.63,52.07,52.30,52.41,52.53,52.81,53.33,54.10,55.07,56.14,57.19,58.11,58.87,59.44,59.86,60.20,60.52,60.83
Life,LBY,42.64,44.25,45.87,47.46,48.96,50.35,51.63,52.83,53.98,55.07,56.12,57.12,58.07,58.99,59.86,60.69,61.49,62.25,62.97,63.65,64.29,64.87,65.41,65.90,66.34,66.75,67.14,67.52,67.90,68.27,68.63,68.97,69.28,69.54,69.77,69.95,70.10,70.23,70.34,70.45,70.57,70.72,70.89,71.07,71.28,71.47,71.63,71.74,71.79,71.78,71.74,71.68,71.65,71.66,71.72
Life,LCA,57.30,58.06,58.76,59.39,59.94,60.43,60.87,61.32,61.79,62.30,62.85,63.44,64.05,64.67,65.28,65.88,66.49,67.09,67.68,68.25,68.78,69.26,69.66,69.99,70.24,70.44,70.58,70.71,70.83,70.94,71.05,71.14,71.19,71.21,71.21,71.18,71.16,71.16,71.19,71.28,71.42,71.64,71.92,72.25,72.62,73.00,73.37,73.71,74.01,74.27,74.47,74.64,74.78,74.91,75.05
Life,LIE,,,,,,,,,,,,,,,,,,,,,,,,,,,,,,,,,,,78.42,77.39,76.84,76.05,77.75,79.11,76.83,79.28,79.64,79.96,81.77,80.67,80.95,81.30,82.68,81.50,81.84,81.79,82.38,82.26,82.26
Life,LKA,59.75,60.13,60.51,60.92,61.36,61.84,62.35,62.85,63.35,63.83,64.28,64.70,65.10,65.48,65.84,66.21,66.59,67.00,67.44,67.88,68.31,68.68,68.96,69.15,69.24,69.28,69.29,69.32,69.40,69.53,69.68,69.78,69.80,69.72,69.57,69.42,69.37,69.50,69.85,70.40,71.11,71.88,72.61,73.22,73.68,73.97,74.12,74.19,74.24,74.28,74.34,74.42,74.53,74.65,74.79
Life,LSO,46.51,46.99,47.40,47.73,47.97,48.15,48.28,48.40,48.53,48.69,48.91,49.18,49.50,49.88,50.29,50.76,51.28,51.85,52.44,53.06,53.67,54.25,54.80,55.31,55.78,56.25,56.79,57.41,58.09,58.77,59.33,59.64,59.58,59.10,58.18,56.84,55.11,53.13,51.06,49.02,47.18,45.67,44.54,43.82,43.53,43.66,44.15,44.88,45.74,46.63,47.48,48.22,48.84,49.33,49.70
Life,LTU,69.85,70.10,69.10,70.20,71.51,71.33,71.52,71.60,71.31,70.93,70.80,71.74,71.02,71.33,71.24,70.87,70.96,70.81,70.60,70.48,70.48,70.46,70.84,70.78,70.32,70.50,72.08,71.93,71.76,71.43,71.16,70.36,70.23,68.91,68.53,69.01,70.11,70.91,71.22,71.57,72.02,71.66,71.76,72.06,71.96,71.25,71.06,70.90,71.81,72.91,73.27,73.56,73.86,73.91,73.97
Life,LUX,68.45,68.74,69.00,69.22,69.41,69.56,69.67,69.76,69.84,69.90,69.98,70.08,70.21,70.36,70.54,70.76,71.00,71.26,71.52,71.79,72.07,72.36,72.65,72.96,73.27,73.59,73.89,74.19,74.48,74.75,75.01,75.46,75.77,75.71,76.37,76.51,76.52,76.88,77.02,77.77,77.87,77.82,77.97,77.73,79.12,79.43,79.29,79.38,80.54,80.64,80.63,80.99,81.39,81.80,82.21
Life,LVA,69.79,70.03,69.43,69.83,71.03,70.73,70.71,70.39,70.04,69.80,69.84,70.16,69.88,69.81,69.74,68.93,69.05,69.10,68.99,68.50,68.81,68.79,69.33,69.12,69.16,69.29,70.62,70.69,70.62,70.16,69.27,69.03,68.40,66.72,65.66,66.39,68.78,69.35,69.01,69.74,70.31,70.76,70.96,71.27,72.03,71.36,70.87,71.02,72.42,73.08,73.48,73.58,73.78,73.98,74.19
Life,MAC,64.66,65.14,65.62,66.08,66.53,66.97,67.39,67.81,68.22,68.62,69.01,69.39,69.76,70.12,70.48,70.83,71.17,71.51,71.84,72.16,72.47,72.78,73.08,73.37,73.66,73.94,74.22,74.49,74.76,75.02,75.28,75.53,75.78,76.02,76.27,76.50,76.73,76.96,77.19,77.41,77.62,77.83,78.04,78.25,78.45,78.65,78.85,79.06,79.26,79.48,79.69,79.91,80.12,80.34,80.55
Life,MAF,,,,,,,,,,,,,,,,,,,,,,,73.22,72.77,72.92,72.67,73.52,73.67,74.27,74.32,74.52,75.92,75.42,75.57,75.82,75.97,76.17,76.37,76.57,76.77,76.97,77.17,77.37,77.57,77.72,77.87,78.07,78.22,78.37,78.57,78.72,78.87,79.02,79.17,79.32
Life,MAR,48.45,48.86,49.29,49.71,50.14,50.56,50.98,51.38,51.78,52.16,52.54,52.90,53.27,53.64,54.02,54.45,54.93,55.48,56.09,56.78,57.51,58.29,59.09,59.89,60.67,61.42,62.14,62.83,63.48,64.10,64.68,65.20,65.67,66.09,66.47,66.82,67.15,67.47,67.80,68.14,68.50,68.87,69.26,69.65,70.04,70.44,70.85,71.28,71.71,72.15,72.58,72.99,73.36,73.71,74.02
Life,MCO,,,,,,,,,,,,,,,,,,,,,,,,,,,,,,,,,,,,,,,,,,,,,,,,,,,,,,,
Life,MDA,61.81,62.18,62.54,62.91,63.28,63.63,63.96,64.24,64.48,64.67,64.81,64.90,64.95,64.98,64.99,64.98,64.95,64.89,64.83,64.77,64.76,64.83,65.02,65.32,65.71,66.15,66.59,66.97,67.26,67.42,67.47,67.39,67.25,67.07,66.88,66.73,66.63,66.60,66.63,66.73,66.89,67.07,67.24,67.39,67.52,67.68,67.90,68.21,68.63,69.14,69.71,70.27,70.77,71.17,71.46
Life,MDG,39.97,40.46,40.94,41.41,41.89,42.37,42.84,43.32,43.81,44.30,44.78,45.27,45.75,46.22,46.67,47.11,47.54,47.95,48.34,48.71,49.03,49.28,49.47,49.58,49.65,49.71,49.79,49.94,50.18,50.54,51.01,51.60,52.28,53.02,53.81,54.61,55.43,56.23,57.02,57.77,58.47,59.11,59.70,60.24,60.73,61.19,61.62,62.05,62.48,62.92,63.36,63.81,64.25,64.67,65.09
Life,MDV,37.27,37.86,38.48,39.13,39.81,40.50,41.20,41.91,42.65,43.39,44.15,44.94,45.74,46.56,47.41,48.28,49.19,50.13,51.09,52.06,53.03,53.98,54.90,55.77,56.61,57.41,58.19,58.97,59.77,60.59,61.42,62.26,63.09,63.92,64.74,65.56,66.40,67.28,68.18,69.11,70.06,71.01,71.93,72.81,73.62,74.33,74.93,75.40,75.76,76.02,76.20,76.34,76.46,76.60,76.77
Life,MEX,57.07,57.66,58.18,58.64,59.06,59.43,59.79,60.15,60.52,60.92,61.35,61.82,62.32,62.84,63.37,63.92,64.47,65.01,65.55,66.06,66.56,67.04,67.50,67.94,68.37,68.79,69.20,69.61,70.01,70.40,70.80,71.19,71.59,71.98,72.36,72.74,73.10,73.44,73.75,74.04,74.30,74.53,74.74,74.94,75.12,75.28,75.44,75.59,75.73,75.88,76.03,76.19,76.35,76.53,76.72
Life,MHL,,,,,,,,,,,,,,,,,,,,,,,,,,,,72.14,,,,,,,,,,,,67.50,65.24,,,,,,,,,,,,,,
Life,MKD,60.62,61.25,61.86,62.46,63.05,63.63,64.20,64.76,65.30,65.81,66.29,66.73,67.13,67.47,67.78,68.02,68.22,68.36,68.47,68.56,68.65,68.77,68.94,69.17,69.45,69.76,70.09,70.41,70.70,70.94,71.15,71.33,71.49,71.67,71.86,72.07,72.29,72.53,72.77,73.01,73.24,73.46,73.65,73.82,73.96,74.09,74.21,74.32,74.45,74.58,74.72,74.87,75.03,75.19,75.34
Life,MLI,28.21,28.36,28.55,28.80,29.11,29.50,29.97,30.51,31.09,31.73,32.39,33.08,33.79,34.49,35.21,35.92,36.63,37.36,38.10,38.85,39.61,40.39,41.18,41.96,42.73,43.48,44.19,44.85,45.46,46.00,46.46,46.84,47.12,47.34,47.51,47.65,47.80,47.97,48.19,48.49,48.90,49.44,50.10,50.86,51.70,52.58,53.45,54.26,55.00,55.63,56.18,56.65,57.10,57.54,57.99
Life,MLT,67.60,67.90,68.20,68.50,68.80,69.09,69.37,69.64,69.91,70.18,70.44,70.70,70.96,71.22,71.47,71.72,71.97,72.21,72.46,72.70,72.93,73.17,73.40,73.63,73.86,74.08,74.30,74.52,74.74,74.96,75.18,75.39,75.83,76.60,76.90,77.14,77.14,77.59,77.39,77.30,78.20,78.84,78.74,78.55,79.25,79.30,79.44,79.79,79.64,80.24,81.40,80.75,80.75,81.75,81.75
Life,MMR,42.74,43.40,44.15,45.00,45.96,46.97,47.98,48.92,49.74,50.42,50.97,51.41,51.79,52.16,52.54,52.92,53.33,53.74,54.14,54.54,54.94,55.33,55.72,56.11,56.49,56.86,57.24,57.61,57.97,58.34,58.69,59.05,59.40,59.74,60.08,60.41,60.75,61.08,61.41,61.75,62.08,62.40,62.71,63.00,63.28,63.56,63.82,64.09,64.37,64.64,64.92,65.18,65.43,65.65,65.86
Life,MNE,63.71,64.39,65.06,65.70,66.31,66.88,67.45,68.01,68.59,69.17,69.74,70.28,70.76,71.18,71.52,71.81,72.05,72.26,72.47,72.67,72.87,73.07,73.26,73.42,73.57,73.71,73.86,74.01,74.16,74.32,74.44,74.51,74.50,74.41,74.24,74.02,73.78,73.55,73.36,73.24,73.18,73.19,73.24,73.32,73.43,73.58,73.79,74.04,74.35,74.69,75.05,75.39,75.71,75.97,76.18
Life,MNG,48.37,49.28,50.16,50.99,51.75,52.44,53.08,53.68,54.27,54.83,55.35,55.80,56.18,56.46,56.66,56.78,56.83,56.85,56.85,56.86,56.93,57.06,57.29,57.59,57.96,58.38,58.83,59.26,59.65,59.99,60.27,60.49,60.67,60.84,61.02,61.21,61.45,61.74,62.08,62.48,62.91,63.38,63.84,64.30,64.73,65.17,65.61,66.07,66.56,67.08,67.60,68.12,68.61,69.06,69.46
Life,MNP,,,,,,,,,,,,,,,,,,,,,,,,,,,,,,,,,,,,,,,,,,,,,,,,,,,,,,,
Life,MOZ,35.00,35.47,35.91,36.34,36.75,37.15,37.55,37.95,38.37,38.80,39.24,39.71,40.18,40.65,41.10,41.49,41.78,41.96,42.03,42.00,41.90,41.77,41.66,41.62,41.65,41.77,41.97,42.21,42.48,42.78,43.13,43.54,44.03,44.60,45.23,45.90,46.56,47.19,47.76,48.25,48.69,49.07,49.44,49.81,50.21,50.64,51.12,51.62,52.15,52.69,53.23,53.74,54.21,54.64,55.03
Life,MRT,43.48,44.16,44.83,45.46,46.06,46.63,47.16,47.67,48.16,48.64,49.11,49.57,50.02,50.48,50.95,51.43,51.94,52.48,53.05,53.64,54.24,54.84,55.41,55.94,56.43,56.86,57.24,57.57,57.86,58.12,58.36,58.58,58.79,58.99,59.19,59.38,59.55,59.70,59.83,59.93,60.02,60.11,60.20,60.33,60.48,60.66,60.88,61.14,61.42,61.71,62.01,62.29,62.56,62.80,63.02
Life,MUS,58.75,59.75,60.63,61.36,61.93,62.36,62.64,62.82,62.93,63.02,63.12,63.25,63.44,63.69,64.00,64.39,64.86,65.37,65.91,66.46,66.97,67.41,67.77,68.04,68.23,68.37,68.50,68.66,68.86,69.12,69.40,69.96,70.06,70.11,70.16,70.33,70.32,70.40,70.61,70.96,71.66,71.77,71.97,72.12,72.28,72.43,72.43,72.57,72.57,72.88,72.97,73.27,73.86,74.02,74.19
Life,MWI,37.77,38.00,38.21,38.42,38.63,38.84,39.09,39.37,39.70,40.09,40.51,40.96,41.43,41.89,42.34,42.77,43.19,43.61,44.02,44.41,44.74,45.00,45.16,45.22,45.18,45.05,44.83,44.56,44.28,44.01,43.77,43.58,43.46,43.40,43.42,43.48,43.56,43.64,43.73,43.86,44.08,44.46,45.05,45.88,46.96,48.28,49.82,51.51,53.29,55.08,56.84,58.50,60.05,61.47,62.72
Life,MYS,59.48,60.05,60.62,61.16,61.68,62.19,62.68,63.14,63.60,64.04,64.46,64.88,65.28,65.66,66.04,66.40,66.75,67.10,67.43,67.75,68.06,68.36,68.66,68.95,69.23,69.50,69.77,70.03,70.28,70.52,70.76,70.99,71.21,71.44,71.65,71.86,72.07,72.28,72.48,72.68,72.87,73.04,73.20,73.35,73.48,73.60,73.71,73.82,73.93,74.04,74.16,74.29,74.42,74.57,74.72
Life,NAM,46.88,47.50,48.10,48.69,49.26,49.82,50.36,50.91,51.45,51.99,52.53,53.07,53.60,54.14,54.66,55.19,55.70,56.21,56.72,57.20,57.68,58.15,58.60,59.04,59.45,59.84,60.20,60.54,60.84,61.07,61.22,61.27,61.19,60.98,60.63,60.09,59.34,58.37,57.28,56.14,55.12,54.40,54.11,54.28,54.92,55.98,57.32,58.78,60.18,61.44,62.48,63.28,63.88,64.34,64.68
Life,NCL,58.64,59.04,59.44,59.89,60.34,60.79,61.23,61.68,62.13,62.58,63.03,63.48,63.93,64.38,64.82,65.27,65.72,66.17,66.30,66.44,66.57,66.70,66.92,68.59,68.06,68.77,69.06,69.43,69.45,69.09,70.49,70.36,71.61,71.66,70.67,72.01,72.00,71.74,74.38,73.88,75.16,74.83,75.10,75.27,75.51,75.17,76.46,75.95,76.46,76.97,77.47,76.73,77.12,77.32,77.57
Life,NER,35.52,35.59,35.67,35.73,35.79,35.84,35.90,35.96,36.04,36.14,36.27,36.41,36.58,36.78,37.01,37.28,37.60,37.98,38.42,38.90,39.40,39.91,40.41,40.87,41.31,41.72,42.12,42.53,42.96,43.43,43.95,44.52,45.12,45.77,46.44,47.13,47.84,48.56,49.28,50.00,50.70,51.37,52.02,52.65,53.28,53.94,54.65,55.46,56.34,57.29,58.26,59.20,60.07,60.83,61.46
Life,NGA,37.18,37.64,38.08,38.50,38.90,39.28,39.65,40.02,40.39,40.78,41.18,41.60,42.04,42.49,42.94,43.40,43.86,44.32,44.76,45.18,45.55,45.85,46.08,46.24,46.32,46.35,46.32,46.26,46.20,46.15,46.11,46.09,46.07,46.07,46.09,46.11,46.16,46.22,46.32,46.44,46.62,46.88,47.22,47.64,48.13,48.67,49.24,49.81,50.36,50.87,51.33,51.74,52.11,52.44,52.75
Life,NIC,47.00,47.65,48.30,48.95,49.61,50.27,50.94,51.62,52.30,52.98,53.64,54.29,54.90,55.48,56.01,56.51,56.96,57.37,57.76,58.13,58.50,58.87,59.27,59.69,60.15,60.67,61.26,61.91,62.62,63.37,64.14,64.88,65.59,66.24,66.82,67.34,67.82,68.27,68.73,69.19,69.66,70.13,70.59,71.03,71.44,71.84,72.21,72.57,72.92,73.25,73.58,73.90,74.21,74.51,74.81
Life,NLD,73.39,73.65,73.32,73.34,73.70,73.57,73.51,73.80,73.61,73.54,73.59,73.81,73.73,74.14,74.54,74.50,74.65,75.22,75.15,75.61,75.74,75.93,75.99,76.16,76.23,76.28,76.27,76.71,76.89,76.73,76.88,77.00,77.22,76.92,77.38,77.40,77.44,77.79,77.88,77.84,77.99,78.19,78.29,78.49,79.10,79.35,79.70,80.10,80.25,80.55,80.70,81.20,81.10,81.30,81.30
Life,NOR,73.55,73.55,73.45,73.08,73.60,73.72,74.00,74.07,73.94,73.66,74.09,74.18,74.34,74.44,74.75,74.82,75.04,75.39,75.42,75.41,75.67,75.87,76.01,76.07,76.22,75.92,76.24,76.08,76.22,76.50,76.54,76.98,77.18,77.15,77.69,77.74,78.15,78.14,78.33,78.28,78.63,78.79,78.99,79.39,79.84,80.04,80.34,80.40,80.59,80.80,81.00,81.30,81.45,81.75,81.75
Life,NPL,35.17,35.53,35.95,36.43,36.95,37.51,38.09,38.70,39.30,39.91,40.50,41.09,41.66,42.24,42.81,43.39,43.98,44.58,45.20,45.85,46.51,47.20,47.90,48.62,49.35,50.11,50.88,51.68,52.50,53.34,54.19,55.06,55.92,56.79,57.63,58.46,59.28,60.07,60.85,61.60,62.33,63.02,63.69,64.32,64.92,65.49,66.04,66.55,67.05,67.52,67.97,68.41,68.82,69.22,69.60
Life,NRU,,,,,,,,,,,,,,,,,,,,,,,,,,,,,,,,,,,,,,,,,,,,,,,,,,,,,,,
Life,NZL,71.24,70.99,71.23,71.28,71.33,71.23,71.12,71.47,71.12,71.47,71.27,71.77,71.83,71.67,71.92,72.22,72.42,72.17,73.02,73.07,72.83,73.62,73.72,73.78,74.37,73.83,74.12,74.18,74.42,74.82,75.38,76.03,76.12,76.43,76.88,76.73,76.79,77.33,78.09,77.89,78.64,78.69,78.85,79.15,79.55,79.85,80.05,80.15,80.35,80.70,80.70,80.90,81.16,81.41,81.40
Life,OMN,42.67,43.49,44.30,45.10,45.88,46.64,47.38,48.11,48.82,49.53,50.26,51.03,51.86,52.75,53.70,54.69,55.72,56.76,57.78,58.78,59.73,60.64,61.52,62.36,63.17,63.94,64.67,65.37,66.03,66.66,67.27,67.85,68.41,68.95,69.47,69.99,70.49,70.98,71.45,71.91,72.36,72.79,73.21,73.62,74.02,74.41,74.77,75.12,75.45,75.76,76.05,76.33,76.59,76.84,77.09
Life,PAK,45.29,46.22,47.12,47.97,48.79,49.56,50.30,51.00,51.66,52.29,52.88,53.43,53.94,54.42,54.86,55.27,55.66,56.02,56.37,56.71,57.04,57.36,57.68,58.00,58.31,58.62,58.92,59.23,59.53,59.82,60.11,60.40,60.68,60.95,61.22,61.49,61.75,62.01,62.27,62.52,62.77,63.01,63.24,63.46,63.67,63.88,64.10,64.34,64.60,64.88,65.16,65.45,65.72,65.96,66.18
Life,PAN,60.88,61.40,61.90,62.38,62.84,63.29,63.73,64.17,64.62,65.08,65.55,66.04,66.55,67.06,67.57,68.08,68.57,69.04,69.48,69.89,70.27,70.61,70.94,71.24,71.53,71.81,72.07,72.33,72.58,72.82,73.05,73.27,73.49,73.71,73.92,74.12,74.33,74.53,74.72,74.91,75.10,75.29,75.46,75.64,75.80,75.97,76.14,76.31,76.49,76.68,76.86,77.05,77.24,77.42,77.60
Life,PER,47.69,48.23,48.75,49.25,49.73,50.21,50.74,51.32,51.97,52.69,53.45,54.24,55.02,55.76,56.45,57.10,57.70,58.29,58.88,59.47,60.06,60.66,61.25,61.83,62.40,62.95,63.49,64.02,64.53,65.03,65.53,66.02,66.52,67.01,67.51,68.02,68.52,69.03,69.54,70.03,70.51,70.96,71.38,71.78,72.14,72.46,72.74,73.00,73.23,73.44,73.64,73.84,74.06,74.28,74.53
Life,PHL,57.81,58.12,58.43,58.73,59.03,59.33,59.64,59.94,60.25,60.54,60.81,61.05,61.23,61.37,61.47,61.54,61.60,61.68,61.79,61.95,62.15,62.42,62.73,63.07,63.43,63.80,64.15,64.49,64.79,65.06,65.29,65.48,65.65,65.80,65.94,66.07,66.20,66.32,66.44,66.56,66.68,66.80,66.92,67.04,67.15,67.27,67.37,67.48,67.58,67.68,67.78,67.89,68.01,68.13,68.27
Life,PLW,,,,,,,,,,,,,,,,,,,,,,,,,,,,,,,69.07,,,,,71.84,,,,,70.49,,,,,69.13,,,,,,,,,
Life,PNG,38.46,39.06,39.72,40.44,41.22,42.04,42.88,43.72,44.53,45.31,46.04,46.73,47.38,48.01,48.64,49.27,49.94,50.65,51.39,52.15,52.88,53.53,54.06,54.45,54.70,54.85,54.95,55.05,55.20,55.42,55.71,56.05,56.40,56.74,57.06,57.35,57.63,57.91,58.19,58.48,58.80,59.14,59.50,59.88,60.27,60.64,61.00,61.31,61.58,61.81,61.99,62.15,62.30,62.45,62.61
Life,POL,67.68,67.78,67.43,68.38,68.63,69.43,69.83,69.42,70.22,69.72,69.87,69.61,70.67,70.66,71.12,70.56,70.66,70.40,70.35,70.75,70.10,71.05,71.10,71.00,70.80,70.55,70.85,70.90,71.33,71.04,70.89,70.59,71.09,71.60,71.70,71.89,72.25,72.65,73.00,73.04,73.75,74.20,74.50,74.60,74.85,75.00,75.14,75.24,75.54,75.70,76.25,76.70,76.75,77.00,77.25
Life,PRI,68.72,68.94,69.14,69.35,69.59,69.87,70.19,70.52,70.87,71.21,71.54,71.87,72.18,72.48,72.75,72.99,73.20,73.37,73.50,73.61,73.70,73.80,73.91,74.04,74.18,74.31,74.40,74.43,74.39,74.30,74.17,74.04,73.95,73.92,73.98,74.13,74.36,74.67,75.01,75.38,76.69,77.07,77.76,78.07,78.18,78.30,78.42,78.43,77.91,78.15,78.41,78.67,78.93,79.16,79.37
Life,PRK,51.08,51.44,51.83,52.35,53.05,53.97,55.04,56.17,57.28,58.32,59.28,60.16,60.99,61.76,62.49,63.16,63.79,64.35,64.86,65.33,65.75,66.13,66.47,66.80,67.11,67.43,67.80,68.22,68.66,69.07,69.34,69.33,68.95,68.23,67.23,66.12,65.12,64.44,64.19,64.40,64.98,65.80,66.65,67.35,67.86,68.16,68.29,68.38,68.49,68.66,68.90,69.19,69.49,69.79,70.07
Life,PRT,62.81,63.25,63.69,64.13,64.56,64.99,65.41,65.82,66.22,66.62,67.07,66.77,68.32,67.52,68.02,68.31,68.86,70.01,70.32,71.17,71.21,71.61,72.41,72.27,72.51,72.81,73.27,73.67,73.71,74.27,73.97,74.01,74.31,74.51,74.91,75.31,75.26,75.41,75.71,75.96,76.31,76.81,77.07,77.22,77.67,78.07,78.42,78.32,78.52,78.73,79.03,80.47,80.37,80.72,80.72
Life,PRY,63.79,64.02,64.23,64.41,64.57,64.71,64.84,64.97,65.11,65.27,65.43,65.61,65.78,65.93,66.08,66.21,66.33,66.44,66.55,66.66,66.77,66.88,66.98,67.09,67.19,67.29,67.41,67.54,67.68,67.84,68.01,68.19,68.37,68.55,68.73,68.92,69.11,69.33,69.56,69.81,70.07,70.34,70.60,70.84,71.07,71.29,71.49,71.69,71.90,72.10,72.30,72.49,72.65,72.80,72.92
Life,PYF,56.36,56.78,57.17,57.55,57.93,58.33,58.75,59.16,59.55,59.93,60.28,60.61,60.93,61.24,61.56,61.91,62.33,62.82,63.40,64.03,64.71,65.38,66.01,66.57,67.05,67.45,67.77,68.05,68.31,68.56,68.83,69.12,69.44,69.78,70.15,70.54,70.94,71.34,71.72,72.09,72.45,72.80,73.15,73.51,73.87,74.23,74.57,74.89,75.19,75.45,75.70,75.92,76.13,76.33,76.54
Life,QAT,61.21,61.97,62.73,63.49,64.25,65.01,65.75,66.48,67.19,67.87,68.51,69.10,69.66,70.17,70.63,71.06,71.45,71.82,72.16,72.48,72.79,73.09,73.37,73.63,73.88,74.12,74.34,74.55,74.75,74.94,75.12,75.28,75.44,75.59,75.73,75.87,76.00,76.13,76.26,76.38,76.50,76.61,76.71,76.81,76.92,77.02,77.15,77.29,77.45,77.63,77.83,78.03,78.23,78.42,78.60
Life,ROM,65.64,66.42,67.03,67.44,67.65,67.70,67.66,67.63,67.67,67.81,68.06,68.50,68.47,69.01,69.50,69.61,69.70,69.74,69.48,69.15,69.09,69.37,69.53,69.73,69.66,69.71,69.50,69.23,69.39,69.53,69.74,69.78,69.78,69.56,69.51,69.46,69.10,69.00,69.81,70.51,71.16,71.16,71.01,71.31,71.59,71.88,72.16,72.57,72.57,73.31,73.46,74.41,74.41,75.06,75.06
Life,RUS,66.06,66.60,67.02,67.34,67.57,67.72,67.81,67.86,67.87,67.87,68.13,68.38,68.31,68.29,68.32,67.72,67.49,67.38,67.39,67.11,67.03,67.26,67.81,67.65,67.20,67.86,69.39,69.44,69.46,69.17,68.90,68.47,66.87,64.94,64.47,65.22,66.19,66.95,66.78,66.04,65.34,65.49,65.09,65.01,65.42,65.47,66.64,67.50,67.85,68.60,68.86,69.66,70.37,70.37,70.37
Life,RWA,42.25,42.55,42.84,43.11,43.37,43.60,43.80,43.96,44.09,44.20,44.29,44.37,44.44,44.54,44.67,44.90,45.27,45.79,46.44,47.18,47.99,48.87,49.72,50.41,50.78,50.45,48.99,46.31,42.55,38.04,33.49,29.75,27.48,27.08,28.57,31.63,35.66,39.80,43.42,46.23,48.19,49.51,50.60,51.81,53.20,54.75,56.39,57.95,59.32,60.47,61.40,62.16,62.80,63.39,63.97
Life,SAU,45.67,46.17,46.69,47.24,47.81,48.44,49.14,49.92,50.78,51.71,52.72,53.80,54.91,56.04,57.16,58.26,59.32,60.34,61.32,62.24,63.10,63.91,64.66,65.36,66.02,66.64,67.21,67.75,68.25,68.72,69.17,69.59,70.00,70.39,70.76,71.11,71.44,71.75,72.04,72.30,72.53,72.72,72.87,72.99,73.09,73.18,73.26,73.35,73.45,73.56,73.70,73.85,74.02,74.18,74.34
Life,SDN,48.19,48.61,49.03,49.44,49.84,50.25,50.65,51.06,51.46,51.85,52.22,52.57,52.89,53.17,53.42,53.62,53.79,53.93,54.05,54.15,54.24,54.33,54.42,54.52,54.64,54.76,54.89,55.04,55.19,55.35,55.51,55.69,55.88,56.08,56.30,56.53,56.79,57.06,57.34,57.65,57.97,58.32,58.68,59.05,59.44,59.84,60.26,60.70,61.15,61.60,62.04,62.46,62.83,63.17,63.46
Life,SEN,38.21,38.36,38.45,38.46,38.44,38.40,38.38,38.42,38.55,38.81,39.22,39.81,40.56,41.44,42.44,43.52,44.64,45.77,46.87,47.93,48.94,49.94,50.93,51.94,52.94,53.90,54.80,55.60,56.27,56.80,57.18,57.41,57.51,57.51,57.46,57.38,57.32,57.30,57.36,57.51,57.77,58.14,58.60,59.13,59.72,60.36,61.05,61.78,62.54,63.29,64.01,64.70,65.32,65.88,66.37
Life,SGP,65.66,66.09,66.43,66.70,66.91,67.09,67.26,67.45,67.67,67.95,68.28,68.65,69.04,69.44,69.83,70.22,70.59,70.96,71.32,71.68,72.19,72.59,72.69,73.04,73.29,73.89,74.25,74.55,74.70,74.95,75.30,75.65,75.95,76.05,76.20,76.30,76.60,76.90,77.30,77.55,77.95,78.25,78.55,79.04,79.49,79.99,80.14,80.44,80.79,81.24,81.54,81.74,82.00,82.25,82.65
Life,SLB,49.38,49.88,50.38,50.88,51.38,51.88,52.38,52.88,53.38,53.88,54.39,54.91,55.44,55.98,56.51,57.03,57.53,57.99,58.39,58.71,58.89,58.88,58.68,58.30,57.79,57.25,56.75,56.41,56.28,56.38,56.70,57.21,57.82,58.45,59.08,59.70,60.30,60.91,61.54,62.19,62.84,63.47,64.06,64.61,65.11,65.55,65.93,66.27,66.56,66.82,67.07,67.29,67.51,67.72,67.93
Life,SLE,30.33,30.54,30.75,30.98,31.23,31.54,31.95,32.46,33.09,33.81,34.61,35.45,36.30,37.10,37.84,38.49,39.07,39.57,40.01,40.38,40.65,40.82,40.87,40.81,40.63,40.32,39.89,39.33,38.69,38.02,37.35,36.75,36.25,35.89,35.70,35.72,35.97,36.43,37.05,37.81,38.69,39.65,40.64,41.65,42.64,43.60,44.55,45.49,46.43,47.35,48.23,49.03,49.75,50.36,50.88
Life,SLV,49.95,50.61,51.24,51.82,52.36,52.87,53.34,53.78,54.21,54.62,55.00,55.33,55.61,55.83,56.00,56.11,56.19,56.24,56.29,56.37,56.53,56.80,57.20,57.73,58.40,59.19,60.10,61.07,62.07,63.06,63.99,64.83,65.58,66.22,66.76,67.21,67.56,67.87,68.16,68.44,68.72,69.01,69.30,69.59,69.88,70.18,70.48,70.78,71.08,71.38,71.67,71.96,72.23,72.50,72.75
Life,SMR,,,,,,,,,,,,,,,,,,,,,,,,,,,,,,,,,,,,,79.12,79.47,80.17,80.52,80.62,80.97,81.12,81.22,81.72,81.98,82.18,82.51,82.83,83.00,83.16,83.32,,,
Life,SOM,36.97,37.36,37.76,38.16,38.57,38.97,39.37,39.77,40.17,40.56,40.95,41.33,41.72,42.10,42.48,42.86,43.25,43.63,44.01,44.38,44.74,45.08,45.41,45.72,45.98,46.17,46.22,46.13,45.93,45.65,45.39,45.27,45.37,45.73,46.35,47.16,48.08,48.98,49.76,50.40,50.88,51.22,51.50,51.77,52.05,52.36,52.68,53.02,53.35,53.69,54.02,54.36,54.69,55.02,55.35
Life,SRB,,,,,,,,,,,,,,,,,,,,,,,,,,,,,,,,71.49,,,,,,72.04,,,71.58,72.23,72.29,72.44,72.68,72.83,73.39,73.63,73.89,73.99,74.34,74.54,74.84,75.19,75.53
Life,SSD,31.68,32.10,32.53,32.95,33.38,33.81,34.23,34.64,35.04,35.42,35.80,36.19,36.58,36.98,37.39,37.78,38.13,38.42,38.67,38.86,39.03,39.20,39.41,39.67,40.00,40.42,40.93,41.51,42.14,42.82,43.52,44.23,44.93,45.60,46.25,46.85,47.39,47.90,48.37,48.81,49.22,49.61,49.99,50.37,50.76,51.17,51.61,52.09,52.59,53.12,53.66,54.21,54.73,55.22,55.68
Life,STP,50.45,51.03,51.60,52.15,52.67,53.19,53.70,54.22,54.75,55.30,55.87,56.47,57.10,57.73,58.36,58.94,59.45,59.86,60.17,60.38,60.51,60.59,60.64,60.71,60.80,60.93,61.09,61.26,61.43,61.60,61.77,61.93,62.10,62.26,62.41,62.57,62.72,62.86,63.00,63.14,63.29,63.48,63.70,63.97,64.26,64.58,64.89,65.19,65.45,65.67,65.85,66.00,66.13,66.26,66.38
Life,SUR,59.68,60.05,60.41,60.77,61.14,61.51,61.88,62.25,62.61,62.95,63.28,63.58,63.86,64.12,64.36,64.60,64.84,65.10,65.37,65.65,65.94,66.22,66.47,66.69,66.87,67.02,67.14,67.24,67.33,67.42,67.50,67.58,67.65,67.71,67.76,67.81,67.83,67.85,67.87,67.89,67.93,68.01,68.14,68.33,68.57,68.85,69.16,69.48,69.80,70.09,70.36,70.60,70.81,70.99,71.15
Life,SVK,69.98,70.29,70.49,70.61,70.64,70.60,70.52,70.42,70.31,70.21,70.14,70.10,70.10,70.13,70.18,70.25,70.32,70.40,70.47,70.52,70.41,70.63,70.69,70.48,70.75,70.73,71.02,71.09,71.21,71.03,70.93,70.88,71.80,72.45,72.30,72.25,72.65,72.70,72.55,72.90,73.05,73.40,73.60,73.60,73.96,73.90,74.20,74.21,74.70,74.91,75.11,75.96,76.11,76.41,76.71
Life,SVN,68.98,68.98,68.98,68.62,68.66,68.37,69.01,69.37,68.92,68.36,68.61,68.83,69.06,69.40,70.16,70.36,70.31,70.56,70.70,70.85,71.10,71.20,71.05,70.54,70.90,71.35,71.80,72.00,72.45,72.70,73.20,73.35,73.30,73.25,73.40,73.96,74.46,74.71,74.81,75.01,75.41,75.76,76.01,76.86,77.21,77.61,78.09,78.56,78.77,78.97,79.42,79.97,80.12,80.32,80.52
Life,SWE,73.01,73.47,73.35,73.56,73.73,73.86,74.08,74.12,73.97,74.08,74.65,74.62,74.72,74.87,74.98,74.98,74.97,75.38,75.47,75.52,75.74,76.03,76.33,76.55,76.82,76.67,76.93,77.09,76.98,77.73,77.54,77.67,78.00,78.06,78.65,78.74,78.96,79.20,79.34,79.44,79.64,79.80,79.85,80.10,80.50,80.55,80.75,80.90,81.10,81.35,81.45,81.80,81.70,81.96,81.96
Life,SWZ,44.23,44.53,44.82,45.10,45.39,45.70,46.05,46.45,46.91,47.41,47.96,48.55,49.15,49.76,50.37,50.98,51.60,52.23,52.89,53.55,54.23,54.90,55.57,56.21,56.81,57.37,57.90,58.40,58.83,59.17,59.35,59.29,58.98,58.38,57.52,56.39,55.00,53.44,51.79,50.16,48.66,47.43,46.52,45.96,45.75,45.86,46.24,46.77,47.35,47.89,48.35,48.66,48.85,48.94,48.93
Life,SXM,,,,,,,,,,,,,,,,,,,,,,,,,,,,,,,,,,,,,,,,,,,,,,,,74.54,74.54,75.59,,,73.05,,
Life,SYC,,,,,,,,,,,,,,,,,,,,,,,68.68,,,,,69.73,,,,,70.67,,,,,71.41,,,,,72.95,71.03,72.61,72.13,72.22,73.19,73.16,73.03,73.20,72.72,74.23,73.12,73.23
Life,SYR,52.77,53.31,53.87,54.44,55.03,55.65,56.30,56.98,57.69,58.43,59.17,59.92,60.67,61.39,62.10,62.78,63.43,64.05,64.66,65.25,65.82,66.36,66.89,67.39,67.86,68.31,68.73,69.12,69.47,69.80,70.11,70.40,70.67,70.95,71.22,71.48,71.74,71.99,72.24,72.47,72.72,73.02,73.36,73.73,74.10,74.36,74.43,74.25,73.80,73.12,72.31,71.49,70.79,70.30,70.07
Life,TCA,,,,,,,,,,,,,,,,,,,,,,,,,,,,,,,,,,,,,,,,,,,,,,,,,,,,,,,
Life,TCD,38.02,38.27,38.53,38.79,39.05,39.33,39.65,40.01,40.41,40.85,41.30,41.76,42.20,42.60,42.97,43.29,43.59,43.86,44.13,44.40,44.67,44.96,45.24,45.52,45.79,46.05,46.29,46.49,46.66,46.81,46.92,47.03,47.12,47.22,47.31,47.40,47.48,47.53,47.56,47.57,47.58,47.59,47.62,47.68,47.80,47.97,48.23,48.56,48.95,49.39,49.86,50.33,50.78,51.19,51.56
Life,TGO,40.27,40.92,41.56,42.19,42.82,43.44,44.07,44.69,45.31,45.92,46.54,47.14,47.74,48.34,48.92,49.50,50.08,50.65,51.21,51.76,52.30,52.83,53.33,53.80,54.24,54.63,54.99,55.30,55.55,55.74,55.85,55.84,55.70,55.45,55.11,54.72,54.33,53.97,53.70,53.52,53.47,53.53,53.67,53.89,54.16,54.51,54.93,55.43,56.01,56.63,57.28,57.93,58.55,59.13,59.66
Life,THA,54.70,55.23,55.75,56.23,56.69,57.14,57.57,58.00,58.45,58.91,59.39,59.89,60.41,60.94,61.47,61.99,62.50,63.00,63.47,63.95,64.45,65.01,65.65,66.36,67.13,67.91,68.63,69.25,69.73,70.05,70.23,70.29,70.27,70.24,70.21,70.20,70.23,70.28,70.36,70.48,70.63,70.85,71.12,71.43,71.79,72.16,72.53,72.87,73.19,73.46,73.69,73.89,74.07,74.25,74.42
Life,TJK,56.15,56.56,56.97,57.39,57.80,58.21,58.61,58.99,59.36,59.71,60.03,60.32,60.59,60.84,61.07,61.28,61.48,61.67,61.86,62.04,62.23,62.44,62.66,62.89,63.10,63.28,63.37,63.37,63.28,63.10,62.86,62.63,62.43,62.32,62.30,62.39,62.56,62.80,63.07,63.36,63.70,64.07,64.51,65.00,65.54,66.10,66.66,67.21,67.71,68.17,68.56,68.89,69.17,69.40,69.60
Life,TKM,54.46,54.87,55.29,55.71,56.12,56.54,56.94,57.33,57.69,58.04,58.36,58.65,58.90,59.14,59.36,59.57,59.79,60.03,60.29,60.57,60.86,61.17,61.48,61.77,62.04,62.28,62.45,62.57,62.64,62.67,62.67,62.68,62.71,62.77,62.88,63.03,63.21,63.40,63.58,63.75,63.90,64.03,64.14,64.24,64.34,64.43,64.53,64.64,64.76,64.88,65.02,65.17,65.31,65.46,65.60
Life,TMP,33.74,34.24,34.74,35.24,35.74,36.28,36.90,37.61,38.35,39.05,39.54,39.59,39.10,38.09,36.68,35.11,33.74,32.85,32.65,33.20,34.44,36.20,38.19,40.14,41.94,43.49,44.77,45.84,46.79,47.66,48.48,49.34,50.28,51.32,52.46,53.69,54.94,56.17,57.31,58.37,59.35,60.29,61.24,62.21,63.19,64.16,65.05,65.82,66.46,66.95,67.31,67.58,67.80,68.02,68.26
Life,TON,61.36,61.73,62.10,62.46,62.82,63.17,63.52,63.87,64.21,64.55,64.89,65.20,65.51,65.80,66.07,66.32,66.57,66.82,67.06,67.30,67.55,67.80,68.05,68.30,68.53,68.76,68.97,69.15,69.32,69.46,69.58,69.69,69.80,69.90,70.01,70.12,70.24,70.36,70.49,70.63,70.76,70.90,71.04,71.18,71.31,71.45,71.59,71.74,71.88,72.03,72.18,72.33,72.49,72.64,72.79
Life,TTO,62.66,63.25,63.76,64.16,64.46,64.65,64.77,64.85,64.92,65.00,65.11,65.26,65.44,65.65,65.87,66.10,66.34,66.56,66.75,66.92,67.06,67.18,67.28,67.38,67.47,67.56,67.65,67.74,67.84,67.93,68.02,68.11,68.19,68.26,68.33,68.38,68.43,68.47,68.51,68.55,68.60,68.65,68.71,68.78,68.87,68.98,69.11,69.26,69.43,69.61,69.80,69.98,70.15,70.31,70.44
Life,TUN,42.01,42.65,43.34,44.10,44.92,45.81,46.77,47.80,48.88,50.00,51.14,52.30,53.45,54.59,55.70,56.80,57.87,58.94,59.99,61.03,62.02,62.95,63.80,64.57,65.25,65.87,66.45,67.02,67.61,68.21,70.31,70.51,70.76,70.75,70.95,71.35,71.55,71.90,72.05,72.50,72.60,72.85,73.00,73.05,73.30,73.50,73.90,74.20,74.30,74.45,74.60,74.34,74.00,74.04,74.14
Life,TUR,45.38,46.10,46.84,47.57,48.31,49.02,49.72,50.38,51.03,51.65,52.26,52.87,53.48,54.10,54.73,55.39,56.05,56.72,57.39,58.04,58.69,59.33,59.95,60.55,61.14,61.71,62.26,62.79,63.29,63.79,64.28,64.78,65.30,65.84,66.40,66.98,67.59,68.20,68.81,69.42,70.00,70.56,71.08,71.57,72.03,72.45,72.83,73.18,73.50,73.80,74.09,74.37,74.64,74.90,75.16
Life,TUV,,,,,,,,,,,,,,,,,,,,,,,,,,,,,,,,,,,,,,,,,,,,,,,,,,,,,,,
Life,TZA,43.65,43.91,44.16,44.42,44.70,44.99,45.30,45.62,45.96,46.31,46.68,47.08,47.51,47.96,48.42,48.87,49.30,49.68,50.00,50.26,50.47,50.63,50.75,50.85,50.93,50.95,50.91,50.79,50.58,50.30,49.98,49.62,49.28,48.99,48.78,48.69,48.75,48.95,49.30,49.81,50.47,51.28,52.23,53.28,54.42,55.60,56.83,58.08,59.31,60.51,61.63,62.63,63.52,64.29,64.94
Life,UGA,43.98,44.56,45.15,45.74,46.32,46.88,47.39,47.85,48.25,48.57,48.82,49.00,49.13,49.23,49.29,49.32,49.34,49.35,49.33,49.28,49.18,49.03,48.80,48.50,48.13,47.69,47.19,46.65,46.09,45.56,45.06,44.61,44.24,43.96,43.79,43.78,43.96,44.32,44.86,45.56,46.42,47.40,48.48,49.59,50.70,51.77,52.76,53.65,54.46,55.18,55.84,56.46,57.10,57.77,58.47
Life,UKR,68.30,68.76,69.15,69.46,69.71,69.91,70.06,70.16,70.22,70.25,70.24,70.18,70.09,69.96,69.81,69.63,69.45,69.25,69.07,68.92,68.82,68.81,68.90,69.08,69.32,69.57,69.79,70.50,70.50,70.54,70.14,68.88,69.07,68.48,67.84,67.14,66.89,67.30,67.99,68.21,67.86,68.29,68.28,68.21,68.19,67.96,68.08,68.22,68.25,69.19,70.27,70.81,70.94,71.16,71.19
Life,URY,67.90,68.11,68.30,68.44,68.54,68.61,68.64,68.65,68.65,68.66,68.69,68.73,68.80,68.88,69.00,69.14,69.32,69.53,69.76,70.02,70.29,70.56,70.83,71.10,71.35,71.58,71.80,72.00,72.18,72.36,72.54,72.72,72.91,73.10,73.32,73.54,73.77,74.01,74.24,74.47,74.69,74.90,75.10,75.28,75.46,75.63,75.80,75.95,76.10,76.25,76.39,76.54,76.69,76.84,76.99
Life,USA,69.77,70.27,70.12,69.92,70.17,70.21,70.21,70.56,69.95,70.51,70.81,71.11,71.16,71.36,71.96,72.60,72.86,73.26,73.36,73.80,73.61,74.01,74.36,74.46,74.56,74.56,74.61,74.77,74.77,75.02,75.21,75.37,75.62,75.42,75.62,75.62,76.03,76.43,76.58,76.58,76.64,76.84,76.94,77.04,77.49,77.49,77.69,77.99,78.04,78.39,78.54,78.64,78.74,78.84,78.94
Life,UZB,58.89,59.30,59.71,60.13,60.55,60.96,61.36,61.74,62.11,62.46,62.77,63.06,63.32,63.56,63.77,63.99,64.21,64.44,64.70,64.97,65.27,65.59,65.92,66.24,66.54,66.79,66.94,67.00,66.97,66.85,66.68,66.51,66.36,66.27,66.26,66.32,66.43,66.57,66.71,66.83,66.94,67.03,67.11,67.19,67.27,67.35,67.44,67.53,67.63,67.74,67.86,67.98,68.10,68.22,68.34
Life,VCT,57.72,58.81,59.84,60.78,61.62,62.35,62.97,63.51,64.00,64.45,64.84,65.18,65.47,65.70,65.90,66.09,66.28,66.50,66.75,67.05,67.38,67.73,68.07,68.40,68.71,68.98,69.23,69.47,69.68,69.89,70.08,70.24,70.37,70.47,70.54,70.58,70.59,70.59,70.58,70.57,70.58,70.63,70.72,70.85,71.02,71.23,71.46,71.70,71.93,72.15,72.35,72.52,72.67,72.81,72.94
Life,VEN,59.29,59.86,60.43,60.99,61.53,62.06,62.59,63.11,63.63,64.14,64.64,65.11,65.56,65.98,66.36,66.71,67.03,67.34,67.63,67.91,68.17,68.42,68.64,68.84,69.02,69.17,69.31,69.44,69.56,69.69,69.83,69.99,70.19,70.41,70.66,70.93,71.22,71.51,71.81,72.09,72.35,72.58,72.78,72.94,73.09,73.20,73.30,73.39,73.48,73.57,73.67,73.79,73.93,74.07,74.24
Life,VGB,,,,,,,,,,,,,,,,,,,,,,,,,,,,,,,,,,,,,,,,,,,,,,,,,,,,,,,
Life,VIR,63.73,64.10,64.46,64.83,65.21,65.61,66.03,66.46,66.89,67.32,67.74,68.16,68.58,68.99,69.39,69.78,70.14,70.49,70.82,71.13,71.43,71.73,72.04,72.36,72.70,73.06,73.42,73.78,74.13,74.46,74.79,75.10,75.40,75.69,75.98,76.26,76.54,76.80,77.06,77.31,76.62,77.87,78.02,78.17,78.72,78.52,78.62,78.82,78.92,79.07,79.17,79.37,79.47,79.62,79.77
Life,VNM,59.07,59.74,60.41,61.04,61.61,62.00,62.09,61.84,61.29,60.53,59.74,59.17,59.02,59.38,60.25,61.54,63.04,64.53,65.80,66.77,67.43,67.83,68.09,68.33,68.58,68.87,69.19,69.51,69.82,70.12,70.42,70.71,71.00,71.28,71.57,71.85,72.13,72.40,72.66,72.91,73.15,73.37,73.58,73.77,73.96,74.14,74.31,74.48,74.65,74.82,74.99,75.16,75.32,75.48,75.63
Life,VUT,46.49,47.09,47.69,48.29,48.89,49.48,50.08,50.68,51.28,51.88,52.48,53.08,53.68,54.28,54.88,55.48,56.09,56.70,57.32,57.94,58.54,59.12,59.66,60.17,60.64,61.08,61.50,61.91,62.33,62.76,63.20,63.65,64.10,64.56,65.01,65.46,65.90,66.33,66.75,67.16,67.56,67.93,68.30,68.65,68.99,69.32,69.64,69.95,70.25,70.56,70.85,71.13,71.41,71.67,71.92
Life,WBG,,,,,,,,,,,,,,,,,,,,,,,,,,,,,,,68.05,68.39,68.72,69.03,69.33,69.62,69.89,70.14,70.37,70.57,70.76,70.92,71.07,71.21,71.34,71.47,71.61,71.75,71.89,72.05,72.21,72.39,72.56,72.73,72.90
Life,WSM,49.97,50.47,50.97,51.47,51.97,52.47,52.97,53.47,53.97,54.47,54.97,55.47,55.97,56.47,56.97,57.47,57.97,58.47,58.97,59.47,59.97,60.47,60.97,61.46,61.96,62.46,62.97,63.48,64.00,64.52,65.04,65.56,66.07,66.57,67.05,67.52,67.95,68.37,68.76,69.14,69.49,69.82,70.13,70.43,70.71,71.00,71.28,71.56,71.84,72.13,72.42,72.70,72.98,73.25,73.51
Life,YEM,34.36,34.47,34.74,35.19,35.81,36.59,37.48,38.42,39.36,40.27,41.15,42.00,42.85,43.73,44.64,45.58,46.55,47.54,48.55,49.56,50.56,51.54,52.49,53.40,54.26,55.04,55.74,56.36,56.90,57.36,57.76,58.11,58.42,58.70,58.97,59.24,59.50,59.75,59.99,60.23,60.46,60.68,60.89,61.09,61.29,61.50,61.72,61.95,62.21,62.49,62.77,63.05,63.33,63.58,63.82
Life,ZAF,49.04,49.43,49.81,50.20,50.58,50.97,51.36,51.75,52.13,52.49,52.85,53.20,53.53,53.87,54.21,54.58,54.97,55.41,55.89,56.41,56.97,57.56,58.17,58.77,59.35,59.91,60.45,60.96,61.42,61.82,62.12,62.29,62.33,62.19,61.89,61.37,60.61,59.61,58.44,57.16,55.84,54.57,53.44,52.52,51.87,51.56,51.61,52.00,52.64,53.47,54.39,55.30,56.10,56.74,57.18
Life,ZAR,41.02,41.23,41.45,41.68,41.92,42.18,42.47,42.79,43.13,43.49,43.84,44.18,44.48,44.74,44.96,45.16,45.35,45.55,45.77,46.02,46.30,46.59,46.88,47.15,47.41,47.65,47.90,48.17,48.45,48.74,48.99,49.17,49.26,49.25,49.17,49.07,49.00,49.02,49.19,49.52,50.00,50.63,51.35,52.11,52.88,53.64,54.37,55.06,55.72,56.34,56.90,57.40,57.85,58.27,58.66
Life,ZMB,45.11,45.49,45.85,46.21,46.56,46.91,47.28,47.68,48.11,48.55,49.02,49.49,49.96,50.39,50.78,51.11,51.37,51.55,51.64,51.63,51.50,51.22,50.79,50.22,49.53,48.73,47.86,46.94,46.01,45.12,44.31,43.60,43.00,42.53,42.21,42.04,42.02,42.16,42.43,42.86,43.46,44.27,45.31,46.54,47.93,49.43,50.97,52.48,53.91,55.21,56.38,57.42,58.36,59.24,60.05
Life,ZWE,51.54,51.91,52.28,52.63,52.97,53.30,53.63,53.95,54.26,54.58,54.90,55.23,55.56,55.91,56.28,56.69,57.14,57.65,58.20,58.79,59.39,60.00,60.61,61.15,61.58,61.86,61.93,61.75,61.32,60.61,59.58,58.20,56.49,54.54,52.42,50.24,48.09,46.07,44.27,42.79,41.69,41.00,40.68,40.70,41.06,41.76,42.81,44.18,45.80,47.62,49.57,51.60,53.64,55.63,57.50
